update,mean_cost,mean_advantage,policy_loss,entropy_loss,capacity_loss,hinge_loss,spread_loss,contrastive_loss,imitation_loss,total_loss,priority_dropped,economy_dropped,val_rl_cost,best_val_cost
1,21350.375,-1.6448253357352558,1.3289146423339844,-5.767866134643555,3.6480471976574336e-09,0.3527722656726837,0.09324915707111359,23.942676544189453,5.780477523803711,25.730224609375,0.0,105.875,,inf
2,17398.125,-1.3848305792820632,1.317628264427185,-6.8045854568481445,7.855224026798169e-09,0.2813847064971924,0.07519463449716568,21.68087387084961,5.473928451538086,22.024425506591797,0.0,98.0,,inf
3,16649.0,-0.5138965152035798,0.6214985251426697,-6.556304931640625,1.0209474154976306e-08,0.2310226708650589,0.08001147955656052,15.751128196716309,5.965566158294678,16.09292221069336,0.0,86.625,,inf
4,12308.25,0.14458502163081485,0.002652868628501892,-4.950517177581787,1.1143707290273142e-08,0.18560796976089478,0.07115721702575684,20.041629791259766,3.014138698577881,18.364669799804688,0.0,65.875,,inf
5,15219.625,-0.18086849202364028,0.29122745990753174,-8.668461799621582,3.606464105132545e-08,0.1682441234588623,0.05207870155572891,25.033897399902344,3.092787027359009,19.969772338867188,0.0,90.5,,inf
6,20308.5,-0.8700181634686774,0.8281465768814087,-9.984489440917969,3.294184480751028e-08,0.1458604633808136,0.0872434601187706,16.672121047973633,4.125342845916748,11.874225616455078,0.0,98.125,,inf
7,12295.625,0.22084169411769908,0.1538577526807785,-7.823239803314209,3.2407250216692773e-08,0.08712691813707352,0.05439291521906853,19.726680755615234,2.231201171875,14.43001937866211,0.0,75.75,,inf
8,22267.625,-0.9786455052782108,0.7829164266586304,-13.577234268188477,4.774798156859106e-08,0.0854422003030777,0.08891204744577408,23.67650032043457,3.726747989654541,14.783285140991211,0.0,108.875,,inf
9,10243.875,0.8794509627571321,-0.49406856298446655,-4.902530193328857,4.8919925887958016e-08,0.03650559112429619,0.044459905475378036,17.605636596679688,1.5325007438659668,13.822504043579102,0.0,57.875,,inf
10,16795.375,-0.5048903886331021,0.9532732963562012,-11.814531326293945,4.0376527010721475e-08,0.045187924057245255,0.06904276460409164,15.152745246887207,2.6130058765411377,7.01872444152832,0.0,94.75,12170.175,12170.175
11,19579.25,-0.19334778171513128,0.4498777985572815,-10.50340747833252,4.2518820464465534e-08,0.04714270308613777,0.09345225989818573,25.095504760742188,4.055248260498047,19.237817764282227,0.0,87.0,,12170.175
12,20408.5,-0.23677475377823104,0.4162476658821106,-11.667221069335938,6.607454139384572e-08,0.06447281688451767,0.0977330431342125,23.600263595581055,3.742809295654297,16.254304885864258,0.0,96.625,,12170.175
13,13519.25,0.29062584084899934,0.16835293173789978,-7.917672634124756,4.4772892948685694e-08,0.04656202346086502,0.07129456102848053,23.44883918762207,2.3219428062438965,18.139320373535156,0.0,70.5,,12170.175
14,17045.875,0.0041341820566980075,0.2238462120294571,-10.890098571777344,5.5810332355576975e-08,0.05543193966150284,0.10615446418523788,16.307266235351562,4.454713821411133,10.257314682006836,0.0,83.875,,12170.175
15,18990.375,-0.3052795312236395,0.3777356445789337,-11.322346687316895,5.368032418573421e-08,0.07307450473308563,0.11275999993085861,25.52532196044922,4.7047038078308105,19.471248626708984,0.0,87.5,,12170.175
16,17269.5,-0.028830733038431366,1.2800793647766113,-10.11005973815918,6.496627946717126e-08,0.060361336916685104,0.1015617847442627,21.156566619873047,3.3844494819641113,15.872958183288574,0.0,75.125,,12170.175
17,20081.125,-0.31244661152354414,0.8205339312553406,-11.83608341217041,6.53339213840809e-08,0.08003129810094833,0.10800476372241974,13.622030258178711,4.107851982116699,6.902368545532227,0.0,94.5,,12170.175
18,16324.75,-0.6526522822818558,0.6673775911331177,-13.258615493774414,5.988373885656983e-08,0.09307903051376343,0.06093453988432884,19.162385940551758,1.932785987854004,8.657946586608887,0.0,109.375,,12170.175
19,16870.625,-0.3114757042122914,0.5134161710739136,-12.529044151306152,2.853926162060816e-08,0.08965044468641281,0.0734231248497963,17.394874572753906,2.4666638374328613,8.008984565734863,0.0,93.75,,12170.175
20,30634.625,-0.9434170404239326,0.8933212161064148,-16.060094833374023,6.301738153524639e-08,0.10418026894330978,0.1584964245557785,13.853816032409668,7.127160549163818,6.076879024505615,0.0,120.0,12614.875,12170.175
21,19398.0,-0.48455486892815514,0.5558898448944092,-13.559453010559082,4.932486064035402e-08,0.10083276033401489,0.0885467529296875,16.250547409057617,4.0414347648620605,7.477799415588379,0.0,108.625,,12170.175
22,14315.5,0.5182915497061857,0.029714256525039673,-9.007972717285156,2.2847441272233482e-08,0.08164011687040329,0.0612800195813179,16.828998565673828,3.2928802967071533,11.286540985107422,0.0,81.75,,12170.175
23,17035.5,0.2191324088046206,0.26185381412506104,-10.519782066345215,4.723791846572567e-08,0.09095116704702377,0.06504766643047333,17.88114356994629,3.3104114532470703,11.08962631225586,0.0,92.25,,12170.175
24,14838.375,0.27101558446633844,-0.09236536920070648,-9.258766174316406,2.468621396189974e-08,0.0777936652302742,0.06005271151661873,21.90048599243164,2.2188045978546143,14.906005859375,0.0,81.125,,12170.175
25,22538.0,-0.29912899543484994,0.4096755385398865,-12.89885139465332,4.9021817716266014e-08,0.09162093698978424,0.12286658585071564,16.92426300048828,4.13970422744751,8.789278984069824,0.0,103.875,,12170.175
26,17548.5,-0.5972119486401013,0.5144339799880981,-15.320109367370605,5.00301275963011e-08,0.09343955665826797,0.07391518354415894,19.370159149169922,3.125483512878418,7.857321739196777,0.0,112.25,,12170.175
27,19853.375,-0.22228421687502825,0.36966341733932495,-14.035377502441406,5.6021775662884465e-08,0.08583438396453857,0.0806911364197731,20.419321060180664,2.371593475341797,9.291726112365723,0.0,104.25,,12170.175
28,14540.375,-0.1647504096283911,1.0913102626800537,-12.800355911254883,5.174212702740988e-08,0.07544073462486267,0.04664299637079239,14.137629508972168,2.0567212104797363,4.607388496398926,0.0,101.625,,12170.175
29,22609.125,-0.4010097136732806,0.9408279657363892,-14.883296012878418,5.0517982685960305e-08,0.07485082000494003,0.09887398779392242,18.494121551513672,3.725553035736084,8.450931549072266,0.0,110.5,,12170.175
30,15316.625,0.4108233419140209,0.032016411423683167,-11.167088508605957,3.196449682718594e-08,0.05640047788619995,0.061022307723760605,19.77235221862793,2.8091821670532227,11.563885688781738,0.0,87.5,12330.775,12170.175
31,14971.0,0.914878263957867,-0.44534412026405334,-6.939908027648926,3.53328744040482e-08,0.040490955114364624,0.057265736162662506,21.665283203125,2.502654552459717,16.880443572998047,0.0,67.375,,12170.175
32,17272.125,0.08642284050771903,1.71584951877594,-10.734336853027344,5.6765728118080006e-08,0.06790562719106674,0.0726347342133522,13.771369934082031,4.5270538330078125,9.420476913452148,0.0,90.875,,12170.175
33,13453.375,-0.12243073790677983,0.14114639163017273,-12.195746421813965,4.1724021571099e-08,0.06238863989710808,0.03210775554180145,20.46503448486328,2.6569650173187256,11.161895751953125,0.0,95.625,,12170.175
34,21276.0,0.02940367088384152,0.1885860115289688,-11.843695640563965,7.252516098787964e-08,0.07817675173282623,0.11421211063861847,23.351917266845703,4.633481979370117,16.52267837524414,0.0,96.625,,12170.175
35,22020.625,-0.29390642090413777,0.44385796785354614,-13.781534194946289,8.268501971997466e-08,0.0846230760216713,0.09381967037916183,15.795307159423828,4.431140899658203,7.0672149658203125,0.0,107.25,,12170.175
36,16959.375,-0.1672687156513744,0.330552339553833,-12.245738983154297,4.956012134016419e-08,0.07973571866750717,0.0808761715888977,9.07845401763916,3.8067126274108887,1.1305913925170898,0.0,102.125,,12170.175
37,15190.0,0.12046612831628939,0.2120627462863922,-10.437413215637207,5.581686224331861e-08,0.08269255608320236,0.05096134543418884,17.87827491760254,1.7762387990951538,9.562816619873047,0.0,92.375,,12170.175
38,16424.625,-0.04821224741186253,0.37866219878196716,-12.56748104095459,3.888399291440692e-08,0.08533566445112228,0.06208542734384537,17.531902313232422,2.636622905731201,8.127126693725586,0.0,97.375,,12170.175
39,20672.5,-0.5285906452418669,1.3171770572662354,-15.571680068969727,5.316743667549417e-08,0.08655375242233276,0.04239794239401817,16.795658111572266,2.2334280014038086,4.903533935546875,0.0,119.5,,12170.175
40,20348.5,-0.48444609949094064,0.8025113344192505,-13.415738105773926,6.93944670615565e-08,0.0751054510474205,0.06605137884616852,13.491768836975098,4.930819511413574,5.950518608093262,0.0,109.5,12543.25,12170.175
41,18823.375,0.10878453786663944,0.3836064636707306,-12.094642639160156,5.480522347056649e-08,0.07276632636785507,0.06720665097236633,14.311798095703125,5.266884803771973,8.007619857788086,0.0,96.125,,12170.175
42,17020.5,8.411354388966619e-05,0.37306469678878784,-12.481440544128418,4.917804474757759e-08,0.08549045026302338,0.0753866583108902,14.927606582641602,3.4977972507476807,6.4779052734375,0.0,100.125,,12170.175
43,14302.375,0.04125194362759542,0.6244946122169495,-12.574965476989746,4.7521737656097685e-08,0.08355113118886948,0.03824109956622124,15.142131805419922,2.0712175369262695,5.384671211242676,0.0,97.625,,12170.175
44,22093.875,-0.32478465069035733,0.4450119733810425,-13.88012981414795,4.4438234425570045e-08,0.08856762200593948,0.08676362782716751,15.295345306396484,3.582033634185791,5.617591857910156,0.0,109.75,,12170.175
45,12851.375,0.5910144182106336,-0.040303826332092285,-9.554728507995605,2.9642343690738926e-08,0.07889175415039062,0.038857877254486084,13.82044792175293,0.8562570214271545,5.1994218826293945,0.0,79.625,,12170.175
46,14764.625,0.33870035704326834,0.1669345498085022,-10.530827522277832,3.558299255246311e-08,0.08942931145429611,0.07748787105083466,9.495096206665039,2.3269498348236084,1.6250710487365723,0.0,83.125,,12170.175
47,20773.0,0.3415038338800386,0.3600926995277405,-10.518621444702148,5.000898184448488e-08,0.07198267430067062,0.06959672272205353,13.586125373840332,5.689443588256836,9.258620262145996,0.0,85.75,,12170.175
48,16301.5,-0.21548173826772557,1.5903804302215576,-12.029378890991211,4.5531329817549704e-08,0.08781442791223526,0.055718887597322464,11.77218246459961,2.2640159130096436,3.7407331466674805,0.0,95.375,,12170.175
49,13436.0,0.6587917053587972,-0.09956710040569305,-8.016332626342773,5.88945923141182e-08,0.07511524856090546,0.0370556004345417,15.290837287902832,2.771611213684082,10.058719635009766,0.0,78.25,,12170.175
50,13627.375,0.36626958389438313,0.09276141971349716,-9.20487117767334,6.08923542699813e-08,0.07585563510656357,0.044152334332466125,11.608970642089844,2.366313934326172,4.983182430267334,0.0,78.375,12493.825,12170.175
51,13290.625,0.03792366971945649,0.23020964860916138,-11.376715660095215,4.457919899891749e-08,0.0920134112238884,0.030560949817299843,19.106121063232422,1.6437453031539917,9.725934028625488,0.0,87.75,,12170.175
52,16246.375,0.22663931794791764,0.018931105732917786,-10.063349723815918,4.9787452383043274e-08,0.07581426948308945,0.0717448815703392,10.11163330078125,6.565499305725098,6.7802734375,0.0,81.375,,12170.175
53,17601.125,-0.3250567087385144,0.5370758771896362,-12.237007141113281,4.9204235352817705e-08,0.09211914241313934,0.0503864549100399,7.547598361968994,2.3650646209716797,-1.6447625160217285,0.0,99.375,,12170.175
54,18682.25,-0.03374323561378399,0.3983384966850281,-11.083074569702148,3.419559035933162e-08,0.09354495257139206,0.05617032200098038,10.459707260131836,3.4837746620178223,3.408461093902588,0.0,93.5,,12170.175
55,14203.0,0.14610825323545806,0.29363715648651123,-9.77192497253418,4.336666137305656e-08,0.08409469574689865,0.04094584658741951,14.778447151184082,1.751539707183838,7.176739692687988,0.0,85.75,,12170.175
56,12444.625,0.13352758202443493,0.8145407438278198,-10.691356658935547,2.733047566039204e-08,0.06713315099477768,0.04465968534350395,10.21694278717041,1.6979669332504272,2.149886131286621,0.0,81.25,,12170.175
57,17900.0,-0.272013720233703,0.356218159198761,-12.265666007995605,5.123401791706783e-08,0.08624246716499329,0.05433147773146629,14.39004898071289,2.789564609527588,5.410740852355957,0.0,103.125,,12170.175
58,19868.0,-0.013046683740924464,0.01322493702173233,-11.085678100585938,5.848633577443252e-08,0.0861486941576004,0.05734533071517944,6.735400199890137,4.006542205810547,-0.18701696395874023,0.0,93.625,,12170.175
59,17161.125,0.2776462973883651,1.48977792263031,-10.839016914367676,3.88412786378467e-08,0.07892461121082306,0.0572679229080677,8.829874992370605,4.982490539550781,4.599318981170654,0.0,80.625,,12170.175
60,17309.625,-0.1690385390644152,0.23797041177749634,-12.78466510772705,5.64383348944375e-08,0.08674246817827225,0.07294215261936188,10.130709648132324,4.248027324676514,1.9917259216308594,0.0,92.25,12268.9,12170.175
61,24058.875,-0.5381158247980067,0.5192842483520508,-15.189732551574707,4.780043383334487e-08,0.08731547743082047,0.08748894184827805,4.435197830200195,5.100914001464844,-4.959531784057617,0.0,106.875,,12170.175
62,16643.5,0.5574138382572171,-0.13949018716812134,-9.799708366394043,5.4475755462135567e-08,0.08939103782176971,0.06353642791509628,16.99163246154785,3.200578451156616,10.405941009521484,0.0,78.875,,12170.175
63,14580.75,0.48820812946892256,-0.18334563076496124,-8.784551620483398,4.767022332430315e-08,0.08496695011854172,0.05725046619772911,10.442691802978516,2.9010117053985596,4.518023490905762,0.0,78.0,,12170.175
64,22069.375,-0.3596700364223045,0.3289484977722168,-12.693750381469727,3.86847034405946e-08,0.09219695627689362,0.061584342271089554,6.961193561553955,3.972346782684326,-1.2774786949157715,0.0,96.125,,12170.175
65,16331.5,-0.46055587934845643,1.1062426567077637,-13.359796524047852,4.4817166866550906e-08,0.10820221900939941,0.0570431612432003,2.8921639919281006,2.9034276008605957,-6.292716979980469,0.0,106.875,,12170.175
66,12775.375,0.4331008654892139,0.6968929767608643,-10.123729705810547,4.06100859606795e-08,0.10651413351297379,0.03967857360839844,12.040458679199219,1.574761152267456,4.334575653076172,0.0,79.25,,12170.175
67,13244.0,0.190802263060747,-0.24416157603263855,-10.15640926361084,5.100016053916079e-08,0.10705452412366867,0.0621076337993145,8.232831001281738,3.2068002223968506,1.2082228660583496,0.0,76.625,,12170.175
68,17074.5,-0.25672436994785275,0.5881894826889038,-13.244420051574707,4.575216649982394e-08,0.10164868831634521,0.042948924005031586,6.077587127685547,3.1698317527770996,-3.264214515686035,0.0,98.625,,12170.175
69,15023.875,-0.04066437698741304,0.17379042506217957,-11.477910041809082,4.9176453131849485e-08,0.10359927266836166,0.06651031970977783,7.072207927703857,4.4181318283081055,0.35632896423339844,0.0,92.875,,12170.175
70,19213.625,-0.2384638443148252,0.33911406993865967,-12.29711627960205,5.153462367957218e-08,0.10095556080341339,0.07066496461629868,6.716490745544434,6.302948951721191,1.233057975769043,0.0,100.0,12274.15,12170.175
71,16966.375,-0.01812507899223126,-0.004818469285964966,-12.592347145080566,4.1512802084753275e-08,0.10634954273700714,0.08441425859928131,5.315803527832031,3.7160861492156982,-3.37451171875,0.0,97.75,,12170.175
72,19745.125,-0.5326750885626697,0.5619072914123535,-14.794906616210938,4.2397530819471285e-08,0.10959112644195557,0.0746600404381752,7.279504776000977,2.685081958770752,-4.084161758422852,0.0,109.875,,12170.175
73,10966.125,1.1498170949112263,-0.8391758799552917,-5.762239933013916,3.364021949892049e-08,0.10290725529193878,0.04405074566602707,14.229888916015625,3.17117977142334,10.946611404418945,0.0,55.5,,12170.175
74,20139.875,-0.29024897291450485,0.30674123764038086,-11.58363151550293,4.712664036787828e-08,0.1051449105143547,0.04726438596844673,8.265475273132324,6.5537261962890625,3.694721221923828,0.0,103.625,,12170.175
75,27049.0,-0.5407227855388543,3.276571035385132,-13.597874641418457,5.3038920810877244e-08,0.10742082446813583,0.06670766323804855,7.056855201721191,8.763558387756348,5.673238754272461,0.0,111.25,,12170.175
76,21376.75,-0.021289484832688665,0.17099398374557495,-11.544941902160645,6.178949263357936e-08,0.10972700268030167,0.06666459888219833,11.739728927612305,5.571565628051758,6.113738059997559,0.0,99.0,,12170.175
77,16748.25,0.3522788349278272,-0.1401013880968094,-10.466137886047363,3.895033628964484e-08,0.10399619489908218,0.05744723603129387,7.675647735595703,4.094383716583252,1.3252358436584473,0.0,83.75,,12170.175
78,23784.25,-0.18127283182895298,0.2986498177051544,-13.401837348937988,6.339537605981604e-08,0.10776915401220322,0.11460182815790176,8.079673767089844,5.187103748321533,0.38596057891845703,0.0,101.875,,12170.175
79,16463.25,0.5625981832763606,-0.42413443326950073,-9.023764610290527,2.847489177781881e-08,0.10147988796234131,0.07790686935186386,6.534134864807129,3.901885747909546,1.1675090789794922,0.0,73.875,,12170.175
80,21697.5,-0.6767156002211662,0.5590241551399231,-16.105344772338867,5.1851159810212266e-08,0.1070142313838005,0.062410224229097366,2.247986078262329,6.7455220222473145,-6.383387565612793,0.0,116.375,12888.925,12170.175
81,17708.5,0.565093544839139,-0.2563020586967468,-9.313755989074707,3.9582641164770394e-08,0.09632157534360886,0.054210204631090164,6.344096660614014,5.6364240646362305,2.5609946250915527,0.0,78.25,,12170.175
82,15109.25,-0.16125264716096044,0.23906823992729187,-12.114577293395996,4.655485241755741e-08,0.10506625473499298,0.06200238689780235,9.551126480102539,3.068431854248047,0.9111175537109375,0.0,93.625,,12170.175
83,20947.875,-0.6201258670051691,1.2029132843017578,-14.803683280944824,5.312524464784474e-08,0.09606215357780457,0.03900456055998802,3.493600368499756,3.5832202434539795,-6.388883113861084,0.0,114.875,,12170.175
84,18581.875,0.06940087113870666,0.15372735261917114,-11.896552085876465,3.595588182747633e-08,0.10041550546884537,0.04667271301150322,5.12973690032959,3.705049753189087,-2.7609496116638184,0.0,98.125,,12170.175
85,17305.5,-0.2882087420891113,0.4197344183921814,-14.725995063781738,4.795820274239304e-08,0.10393601655960083,0.05921947956085205,2.6034605503082275,3.104156970977783,-8.4354887008667,0.0,105.125,,12170.175
86,12201.125,0.6550824603753593,-0.054997216910123825,-8.00770092010498,2.8502805449193147e-08,0.10226988047361374,0.06956719607114792,5.585572719573975,2.9010000228881836,0.5957112312316895,0.0,68.75,,12170.175
87,13454.375,0.48644780679294236,-0.30955350399017334,-8.864961624145508,3.560133521318676e-08,0.10193085670471191,0.05104118585586548,5.730630874633789,3.2673087120056152,-0.023602962493896484,0.0,78.125,,12170.175
88,15683.125,0.3650661215126155,-0.30218154191970825,-8.124773025512695,3.596758801904798e-08,0.09254765510559082,0.046150095760822296,9.069402694702148,4.250832557678223,5.031978607177734,0.0,75.0,,12170.175
89,17080.875,0.31915557388662963,0.09983471035957336,-9.632631301879883,5.618782239480424e-08,0.09725042432546616,0.0459231361746788,9.415714263916016,2.4827053546905518,2.508796215057373,0.0,82.75,,12170.175
90,16625.75,-0.13477119630772685,0.2804631292819977,-11.930781364440918,5.418971227300062e-08,0.09898803383111954,0.048939481377601624,2.8465328216552734,4.8832550048828125,-3.7726025581359863,0.0,91.875,12246.925,12170.175
91,17624.875,0.12204343412147618,0.1440274715423584,-9.422578811645508,4.97386309916692e-08,0.08908285200595856,0.07087825983762741,8.845911979675293,6.059830188751221,5.787152290344238,0.0,80.625,,12170.175
92,27284.0,-0.6908668868744414,0.5426255464553833,-15.530795097351074,5.470111119620924e-08,0.08983837813138962,0.08276616781949997,4.258676528930664,9.215559959411621,-1.3413286209106445,0.0,116.875,,12170.175
93,15450.375,-0.4140302568235885,1.0793325901031494,-14.538968086242676,4.5303558238174446e-08,0.10142531245946884,0.0633552297949791,6.325573921203613,2.58766508102417,-4.381616592407227,0.0,102.875,,12170.175
94,20840.375,-0.30313770306788634,0.6311506032943726,-13.003348350524902,5.164051231076883e-08,0.09384075552225113,0.04437033087015152,7.025301456451416,3.361560821533203,-1.8471245765686035,0.0,106.0,,12170.175
95,15228.75,-0.31861003015349365,0.7621599435806274,-14.716700553894043,4.519534613223186e-08,0.09797598421573639,0.030168835073709488,1.234122633934021,3.4140875339508057,-9.178186416625977,0.0,105.625,,12170.175
96,19984.75,0.03737592875191659,0.14692147076129913,-12.174468994140625,5.7627470795296176e-08,0.08358483761548996,0.049249328672885895,5.744277000427246,6.704955101013184,0.5545182228088379,0.0,93.0,,12170.175
97,22869.625,-0.553581761491175,0.5197690725326538,-15.695055961608887,6.965984056250818e-08,0.10372377932071686,0.1072140485048294,5.148868560791016,6.778572082519531,-3.0369091033935547,0.0,113.25,,12170.175
98,15219.375,0.3546417721120566,-0.28414732217788696,-10.248379707336426,3.311910390380035e-08,0.10558855533599854,0.06967376917600632,6.227079391479492,2.669285774230957,-1.460899829864502,0.0,85.25,,12170.175
99,17341.375,-0.15714173705811046,0.1403236836194992,-13.031676292419434,5.264634594936979e-08,0.09506677091121674,0.04945719614624977,3.8334460258483887,4.580859661102295,-4.332522869110107,0.0,100.0,,12170.175
100,17890.875,0.22639194866813206,0.03693894296884537,-11.026214599609375,3.6401250014250763e-08,0.0935605838894844,0.04793750122189522,3.0849194526672363,3.8172483444213867,-3.9456100463867188,0.0,92.125,12152.85,12152.85
101,26535.25,-0.5516247896874593,1.4696303606033325,-15.121418952941895,4.736607550626104e-08,0.09452009201049805,0.06793661415576935,6.003060817718506,5.6222920417785645,-1.8639798164367676,0.0,116.875,,12152.85
102,16673.125,-0.011604059422653037,0.18359684944152832,-12.916147232055664,4.184786916994199e-08,0.10050930082798004,0.07722306251525879,5.82697868347168,3.617313861846924,-3.110525131225586,0.0,101.125,,12152.85
103,17379.625,0.04892063497025492,0.14492695033550262,-12.861071586608887,5.709821238042423e-08,0.10153982788324356,0.10386183112859726,3.121483325958252,4.395068168640137,-4.994191646575928,0.0,99.625,,12152.85
104,13388.75,0.4049032696674324,0.23739928007125854,-9.597763061523438,5.243006739874545e-08,0.0971856638789177,0.05324159935116768,7.342369556427002,5.612017631530762,3.744450330734253,0.0,81.375,,12152.85
105,16579.5,-0.4117102898784399,0.5993823409080505,-13.49156665802002,7.28225302282226e-08,0.09621602296829224,0.04726559296250343,2.1158714294433594,4.222951412200928,-6.409879684448242,0.0,104.875,,12152.85
106,12522.625,0.7529034129799796,-0.3942902088165283,-8.274627685546875,5.7488382054771137e-08,0.08733799308538437,0.03208964690566063,12.767650604248047,4.978057861328125,9.196218490600586,0.0,73.375,,12152.85
107,16586.375,0.20981681415195472,0.16025978326797485,-11.118342399597168,4.348308024759717e-08,0.09088734537363052,0.059712834656238556,4.2194013595581055,7.001848220825195,0.41376757621765137,0.0,85.625,,12152.85
108,14733.5,0.672229123100111,-0.5596022605895996,-8.629022598266602,4.048722601623922e-08,0.09366041421890259,0.05258982256054878,12.766928672790527,4.215988636016846,7.940542221069336,0.0,69.75,,12152.85
109,14831.0,0.29789759733501986,-0.11833062767982483,-10.08012580871582,3.673971704643009e-08,0.09811767190694809,0.07137095928192139,5.689092636108398,3.405463933944702,-0.9344110488891602,0.0,80.25,,12152.85
110,21780.25,-0.18270424811193078,0.3578621745109558,-11.774744987487793,6.815117359337819e-08,0.09462479501962662,0.07342908531427383,4.579840183258057,4.515242099761963,-2.1537461280822754,0.0,96.125,11011.375,11011.375
111,23190.125,-1.01596333550997,0.9877194762229919,-16.507959365844727,8.675199580920889e-08,0.09710206836462021,0.0691685676574707,2.661604642868042,5.6153178215026855,-7.0770463943481445,0.0,125.875,,11011.375
112,12778.25,0.38093528282711453,1.4785711765289307,-9.541282653808594,7.646470834288266e-08,0.09283819794654846,0.040678080171346664,9.6990385055542,4.542917728424072,6.312760829925537,0.0,86.375,,11011.375
113,13931.625,0.7017697107568887,-0.20642118155956268,-8.894966125488281,4.810605958027736e-08,0.08732977509498596,0.052267950028181076,6.167445182800293,3.6558837890625,0.8615398406982422,0.0,70.5,,11011.375
114,15603.75,0.028118585179230687,0.25091397762298584,-11.070233345031738,5.1640959952692356e-08,0.10149040073156357,0.06427369266748428,7.015015602111816,3.991196393966675,0.35265684127807617,0.0,89.875,,11011.375
115,10769.875,0.6122310385274488,-0.4089651107788086,-7.408378601074219,3.265356696147137e-08,0.10631995648145676,0.042705900967121124,9.249553680419922,2.0924787521362305,3.6737146377563477,0.0,69.875,,11011.375
116,21877.25,-0.359206489118891,0.4342048466205597,-13.730514526367188,6.50982130423472e-08,0.09535164386034012,0.07500006258487701,1.3830410242080688,6.798399925231934,-4.944516658782959,0.0,100.375,,11011.375
117,19645.375,-0.6877011437361316,2.1266937255859375,-13.133371353149414,5.6763447275898216e-08,0.1020943894982338,0.06144890934228897,6.377114295959473,4.783185958862305,0.3171658515930176,0.0,113.0,,11011.375
118,27125.5,-0.8460442270707318,1.196421504020691,-17.292776107788086,4.249777063591864e-08,0.09529145807027817,0.12503811717033386,0.371968150138855,7.864123344421387,-7.639934539794922,0.0,114.625,,11011.375
119,20329.75,-0.7658521575087562,1.627763032913208,-17.37124252319336,1.005741196991039e-07,0.10293588787317276,0.047393232583999634,2.1136977672576904,2.489412784576416,-10.990039825439453,0.0,126.625,,11011.375
120,15679.25,0.48318163673237147,-0.20609137415885925,-9.957380294799805,4.7799492364219986e-08,0.09241192787885666,0.04527277871966362,7.3928022384643555,5.4867262840271,2.8537421226501465,0.0,81.0,12537.35,11011.375
121,23335.875,-0.33723355076389694,0.5557560324668884,-14.887982368469238,5.523655488559598e-08,0.08159879595041275,0.0621592216193676,3.0984787940979004,4.253409385681152,-6.8365797996521,0.0,105.25,,11011.375
122,19015.5,0.24472644739934904,-0.14279547333717346,-11.095025062561035,6.728942736344834e-08,0.09127597510814667,0.07678563892841339,5.1551923751831055,5.070860385894775,-0.8437061309814453,0.0,93.875,,11011.375
123,17304.25,0.5342923225942191,-0.12707680463790894,-10.882403373718262,5.121234636362715e-08,0.09893446415662766,0.08840396255254745,5.938480377197266,4.8434038162231445,-0.04025745391845703,0.0,83.875,,11011.375
124,12068.875,0.8980591393946621,-0.4589649438858032,-7.3249711990356445,4.361050898182839e-08,0.09029494971036911,0.04929095506668091,9.620502471923828,2.7475855350494385,4.723738193511963,0.0,64.625,,11011.375
125,19257.375,-0.32280768899796286,0.33317896723747253,-14.340545654296875,5.727061846982906e-08,0.08749180287122726,0.04715521261096001,3.026090145111084,4.997949123382568,-5.8486809730529785,0.0,103.0,,11011.375
126,24846.375,-0.08379488871447466,0.41251009702682495,-11.452366828918457,7.754952235927703e-08,0.060958266258239746,0.05385785922408104,8.513354301452637,10.942879676818848,8.531192779541016,0.0,94.5,,11011.375
127,15796.625,-0.05553372831083181,0.7687591314315796,-12.081416130065918,4.61773694837575e-08,0.0834672600030899,0.04466405138373375,1.4573583602905273,5.501242637634277,-4.225924968719482,0.0,95.875,,11011.375
128,16340.5,-0.07367531605469295,0.3703576922416687,-11.546510696411133,1.0687881513149478e-07,0.09121736139059067,0.07821053266525269,6.829067230224609,5.483603477478027,1.3059453964233398,0.0,96.375,,11011.375
129,19622.75,0.4168699754025748,-0.18789473176002502,-8.432538032531738,5.8620639009632214e-08,0.09229687601327896,0.06903611868619919,7.070076942443848,5.404739856719971,4.015716552734375,0.0,80.625,,11011.375
130,23188.875,-0.2510271816752378,0.20160672068595886,-13.511322021484375,4.7873715658397487e-08,0.10022597759962082,0.09637870639562607,12.065577507019043,3.9278435707092285,2.88031005859375,0.0,94.625,11243.475,11011.375
131,18487.75,-0.04261573394588036,0.39314576983451843,-11.78699016571045,3.5139834153596894e-08,0.10288389027118683,0.0754421129822731,6.583590984344482,4.31680965423584,-0.31511783599853516,0.0,94.375,,11011.375
132,18444.0,0.24487782890168214,-0.1131642758846283,-9.90864086151123,3.692381156383817e-08,0.09366482496261597,0.06804089993238449,2.1201019287109375,5.825766563415527,-1.9142308235168457,0.0,86.25,,11011.375
133,11030.25,0.4749409335439506,-0.17786002159118652,-8.801253318786621,5.356658050459373e-08,0.1013331338763237,0.029071956872940063,8.473404884338379,2.5950934886932373,2.219789981842041,0.0,79.5,,11011.375
134,15720.125,0.566865346810107,-0.1329202950000763,-7.884190559387207,3.688495553433313e-08,0.09325893968343735,0.04805634170770645,8.348132133483887,4.587217330932617,5.059554100036621,0.0,70.75,,11011.375
135,15053.5,-0.2572709839243652,0.6241600513458252,-12.14009952545166,5.342040765299316e-08,0.10052960366010666,0.03870720788836479,3.128849983215332,3.1791534423828125,-5.068699836730957,0.0,97.125,,11011.375
136,17502.75,0.1283306275085845,-0.053074195981025696,-11.314462661743164,3.7165396093996605e-08,0.10112325102090836,0.05362784489989281,4.1267876625061035,4.571285724639893,-2.514711856842041,0.0,87.5,,11011.375
137,17581.75,-0.09186971181403703,0.8763711452484131,-11.215069770812988,5.790195700683398e-08,0.10541265457868576,0.08057045936584473,5.333929061889648,3.766662836074829,-1.0521240234375,0.0,92.125,,11011.375
138,18692.125,-0.36315080273086087,0.5923198461532593,-12.658329963684082,5.17197342730924e-08,0.10213694721460342,0.06638991832733154,5.302701950073242,3.306807041168213,-3.2879743576049805,0.0,101.125,,11011.375
139,18081.125,-0.23792588342372226,1.303708791732788,-12.379321098327637,5.2669779648795156e-08,0.09994616359472275,0.06604855507612228,3.519270420074463,5.913630485534668,-1.4767165184020996,0.0,96.625,,11011.375
140,16269.25,-0.04774283782380884,0.4601856470108032,-10.08440113067627,5.029313143722902e-08,0.09351875633001328,0.04697452113032341,1.405750036239624,4.606195449829102,-3.471776247024536,0.0,89.25,11664.85,11011.375
141,14980.25,0.3039627954307734,0.11779006570577621,-10.086050987243652,2.854242353578229e-08,0.10085570812225342,0.04030841961503029,7.8160505294799805,3.707536220550537,1.6964902877807617,0.0,81.125,,11011.375
142,16491.625,-0.21043103640337596,0.8362749814987183,-13.247418403625488,4.3286970452527385e-08,0.10312192887067795,0.058904435485601425,5.034149169921875,3.6952695846557617,-3.519698143005371,0.0,99.0,,11011.375
143,11917.25,0.4281314784465403,-0.2331213504076004,-10.14648723602295,4.972378420120549e-08,0.10179930925369263,0.046267371624708176,3.1569318771362305,3.4141440391540527,-3.6604652404785156,0.0,84.375,,11011.375
144,21209.5,-0.2761732537059832,0.3714076578617096,-12.390334129333496,5.0844320753640204e-08,0.08938609063625336,0.06636267900466919,4.721208095550537,7.770926475524902,0.6289567947387695,0.0,95.0,,11011.375
145,11344.625,0.8825791449303488,-0.9226692914962769,-6.545212745666504,4.082297877516794e-08,0.10479789227247238,0.05825739726424217,6.145099639892578,4.360297203063965,3.2005698680877686,0.0,61.25,,11011.375
146,16591.875,0.07507103878013194,0.03860289603471756,-10.150810241699219,5.112351431080242e-08,0.10594761371612549,0.07775070518255234,3.157318592071533,3.928248882293701,-2.8429417610168457,0.0,85.375,,11011.375
147,23138.25,-0.3442739126111801,1.0340688228607178,-12.640368461608887,6.555773524041797e-08,0.1091436892747879,0.10294296592473984,20.76496124267578,3.5422730445861816,12.9130220413208,0.0,97.625,,11011.375
148,16644.25,-0.25093534073256824,0.17679420113563538,-12.249582290649414,5.31737001097099e-08,0.10867147892713547,0.08705585449934006,10.858963012695312,3.2279908657073975,2.209893226623535,0.0,98.375,,11011.375
149,17833.5,-0.2706922387200572,0.1326303482055664,-12.623318672180176,3.538054826890402e-08,0.09930628538131714,0.046327803283929825,3.6741671562194824,3.4433164596557617,-5.2275710105896,0.0,102.125,,11011.375
150,20883.875,-0.5605238519821911,0.5684875249862671,-13.18590259552002,5.038709005589226e-08,0.08684933185577393,0.060443129390478134,2.8665783405303955,8.430387496948242,-1.1731574535369873,0.0,100.25,12031.125,11011.375
151,17683.125,-0.03822549520004974,0.16727247834205627,-12.244917869567871,4.428103395071048e-08,0.08378755301237106,0.044858865439891815,2.9816243648529053,5.631676197052002,-3.335698366165161,0.0,94.125,,11011.375
152,18173.125,-0.10913932191294295,0.16993209719657898,-12.992093086242676,4.053888602584266e-08,0.0988316684961319,0.06914881616830826,4.932685375213623,4.406076431274414,-3.315417766571045,0.0,95.625,,11011.375
153,17431.625,-0.03438769918997728,3.8814215660095215,-11.758519172668457,5.2172822506690864e-08,0.1084025502204895,0.06848453730344772,11.08877944946289,3.275578022003174,6.664146900177002,0.0,94.625,,11011.375
154,17987.875,-0.3551605930502808,0.3186212182044983,-14.366602897644043,6.802778784731345e-08,0.10782786458730698,0.051326632499694824,4.223010063171387,4.072088241577148,-5.593728065490723,0.0,106.125,,11011.375
155,18872.25,-0.1976268980277282,0.25794538855552673,-12.537096977233887,5.6458883790355685e-08,0.10175152122974396,0.07076004892587662,2.9145348072052,8.49267864227295,-0.6994268894195557,0.0,101.125,,11011.375
156,24518.625,-0.5224858133182508,0.601664125919342,-15.18455982208252,5.142217673892446e-08,0.09778895974159241,0.07240189611911774,4.232739448547363,7.418678283691406,-2.761286735534668,0.0,111.875,,11011.375
157,19056.25,0.04655009209223125,0.07413691282272339,-12.44507884979248,5.984143314208268e-08,0.10201727598905563,0.06481244415044785,2.4874508380889893,4.809079170227051,-4.9075822830200195,0.0,101.25,,11011.375
158,11904.375,0.5008289246953064,-0.20146197080612183,-10.329546928405762,6.799282914471405e-08,0.11081752926111221,0.010836596600711346,7.718374729156494,2.2078914642333984,-0.48308801651000977,0.0,92.125,,11011.375
159,14008.125,0.48507387005147296,-0.40769296884536743,-10.43340015411377,6.42938715600394e-08,0.09952642023563385,0.04986918717622757,4.5793657302856445,2.9420480728149414,-3.170283794403076,0.0,90.125,,11011.375
160,15060.25,0.07846149784316647,-0.09474816918373108,-12.232421875,3.755326005716597e-08,0.09693604707717896,0.04448716342449188,4.8957014083862305,3.905547857284546,-3.38449764251709,0.0,95.5,12999.525,11011.375
161,17359.25,0.6740903145701254,-0.42242521047592163,-8.37232494354248,4.0260328404428947e-08,0.09063270688056946,0.042285479605197906,7.614253997802734,4.235896110534668,3.1883182525634766,0.0,74.5,,11011.375
162,22535.375,-0.41034693264968203,1.9079612493515015,-13.936965942382812,7.055101036712585e-08,0.0977206602692604,0.06694097071886063,3.543684720993042,9.066142082214355,0.7454833984375,0.0,109.5,,11011.375
163,28253.375,-0.8434805385940789,1.0432041883468628,-16.524614334106445,6.51933831363749e-08,0.10723209381103516,0.08352216333150864,1.7902562618255615,6.623064994812012,-6.8773345947265625,0.0,124.25,,11011.375
164,17393.125,0.5987630212634909,-0.5924925804138184,-9.466944694519043,4.810585352288399e-08,0.10850851982831955,0.07141585648059845,6.322211265563965,6.844625473022461,3.2873244285583496,0.0,78.0,,11011.375
165,15640.375,-0.04999151921812506,0.5597048401832581,-12.599640846252441,4.365280403817451e-08,0.10540910065174103,0.03166865184903145,1.3451886177062988,4.695208549499512,-5.862461090087891,0.0,99.375,,11011.375
166,19510.625,0.11837404477913345,0.1560242623090744,-10.738855361938477,6.324007273406096e-08,0.09957301616668701,0.052178073674440384,5.560309886932373,6.2309746742248535,1.3602042198181152,0.0,95.5,,11011.375
167,14662.875,0.19259432315618263,0.6276038289070129,-11.2973051071167,5.5817057642570944e-08,0.11047249287366867,0.037794191390275955,9.482681274414062,4.329862117767334,3.2911086082458496,0.0,87.375,,11011.375
168,21112.5,-0.12305513035121693,0.5154638290405273,-12.677064895629883,4.481822912794087e-08,0.10810726135969162,0.07979319244623184,4.449288845062256,5.761870861053467,-1.7625412940979004,0.0,98.375,,11011.375
169,12720.125,0.06069538825600285,-0.04353511333465576,-11.375971794128418,4.2234599817447815e-08,0.10999532043933868,0.05419867858290672,10.91476821899414,2.041353225708008,1.7008075714111328,0.0,93.375,,11011.375
170,17509.375,-0.41109618094197287,0.3392166793346405,-12.819500923156738,3.982881580100184e-08,0.10692936182022095,0.05936221033334732,8.98281192779541,1.9174772500991821,-1.4137029647827148,0.0,107.125,11848.35,11011.375
171,19399.375,-0.12670923066612624,0.6149097084999084,-13.921948432922363,4.909389161866784e-08,0.10284882038831711,0.050787169486284256,1.8873798847198486,4.723794937133789,-6.542227745056152,0.0,98.625,,11011.375
172,20019.0,0.03975465039009764,0.04552942514419556,-11.909553527832031,4.335548808853673e-08,0.09856045991182327,0.05303166061639786,6.036840438842773,4.659175395965576,-1.0164165496826172,0.0,98.0,,11011.375
173,15290.0,-0.32174933215555346,0.26875731348991394,-13.221231460571289,6.011816822137916e-08,0.10830666869878769,0.04078877344727516,2.512434720993042,4.306974411010742,-5.983969688415527,0.0,105.375,,11011.375
174,17859.5,0.08662204725992287,0.09904274344444275,-13.229292869567871,3.535006953825359e-08,0.10463207215070724,0.048992499709129333,4.144133567810059,3.2764363288879395,-5.556055068969727,0.0,101.25,,11011.375
175,17321.5,0.8153301715073837,-0.45466315746307373,-8.1990327835083,2.545604971260218e-08,0.1038021370768547,0.0644422098994255,6.7030181884765625,4.205887317657471,2.4234538078308105,0.0,72.0,,11011.375
176,14866.125,0.46047673425330393,-0.23910418152809143,-9.967266082763672,3.77449218547099e-08,0.10539180040359497,0.07248307019472122,9.73078727722168,4.567808628082275,4.2701005935668945,0.0,78.25,,11011.375
177,17518.75,0.37436536871689907,-0.28373631834983826,-9.146639823913574,2.7032557525785705e-08,0.10259515047073364,0.06879258155822754,7.494956016540527,4.752514839172363,2.9884824752807617,0.0,76.0,,11011.375
178,16362.875,0.11775823675473288,-0.18061548471450806,-11.766019821166992,6.083674719548071e-08,0.10305454581975937,0.030528301373124123,4.260150909423828,5.464166641235352,-2.0887351036071777,0.0,91.625,,11011.375
179,17996.0,0.00590150167858855,0.5187872052192688,-9.992573738098145,4.747278481431749e-08,0.09768780320882797,0.05946723371744156,3.9898645877838135,9.796308517456055,4.469541549682617,0.0,81.875,,11011.375
180,14775.0,0.03827491313907325,1.9705455303192139,-11.209770202636719,4.616230597775939e-08,0.10508425533771515,0.05018152669072151,8.261941909790039,3.6325571537017822,2.810540199279785,0.0,91.125,11167.25,11011.375
181,19570.375,0.018081841497469026,0.6678109169006348,-11.358778953552246,6.419787723643822e-08,0.10074106603860855,0.05147784575819969,6.999662399291992,6.76859188079834,3.229505777359009,0.0,92.25,,11011.375
182,17794.25,0.08749485609882772,0.1842656433582306,-10.840042114257812,5.0255298589263475e-08,0.10273414105176926,0.06096658855676651,0.6166881322860718,5.441329479217529,-4.434057712554932,0.0,89.25,,11011.375
183,20340.375,-0.2691582106863858,0.37529122829437256,-12.018485069274902,4.125310226754664e-08,0.10009616613388062,0.06527886539697647,2.499224901199341,5.381360054016113,-3.597234010696411,0.0,91.375,,11011.375
184,14504.0,-0.15825322490659222,0.40809938311576843,-12.864494323730469,3.859096864289313e-08,0.1027681827545166,0.05035099387168884,2.583991527557373,3.7009623050689697,-6.018322467803955,0.0,96.25,,11011.375
185,18502.625,0.1462459400709195,0.09659473598003387,-9.746370315551758,4.996564229031719e-08,0.09048104286193848,0.06047692894935608,4.164024353027344,8.433147430419922,3.0983543395996094,0.0,81.875,,11011.375
186,17176.0,-0.22723484957057177,0.26951801776885986,-13.254297256469727,5.900495736455014e-08,0.09689214080572128,0.06634272634983063,6.405148983001709,4.990228652954102,-1.4261665344238281,0.0,97.0,,11011.375
187,12696.0,0.34302455191500913,-0.11316636204719543,-9.457865715026855,4.885377435925875e-08,0.10174627602100372,0.04281625896692276,6.573853015899658,2.797637462615967,-0.054979801177978516,0.0,79.875,,11011.375
188,25276.125,-0.4940796675787609,0.9349119067192078,-13.992547988891602,6.754537906772384e-08,0.09149930626153946,0.07446644455194473,3.039795160293579,7.652676582336426,-2.1991989612579346,0.0,106.625,,11011.375
189,18818.25,0.16248669780341782,0.13066577911376953,-10.783365249633789,5.896747623523879e-08,0.10280614346265793,0.07768678665161133,5.063243865966797,4.778844833374023,-0.6301178932189941,0.0,86.75,,11011.375
190,15124.625,0.07883668820218767,0.005804765969514847,-9.809894561767578,5.807476100017084e-08,0.10514163970947266,0.07413722574710846,4.339662551879883,3.8056278228759766,-1.479520320892334,0.0,84.75,13099.775,11011.375
191,18927.625,-0.3264063353269859,1.3669995069503784,-15.758455276489258,5.715185125154676e-08,0.10352714359760284,0.092326819896698,4.056869029998779,4.7654337882995605,-5.3732991218566895,0.0,109.75,,11011.375
192,13173.125,0.627055867982139,-0.4280012845993042,-8.5753755569458,3.0923398952609205e-08,0.09796353429555893,0.033837899565696716,6.947694778442383,3.929687976837158,2.0058069229125977,0.0,71.25,,11011.375
193,14086.5,-0.09790006519080124,-0.035055071115493774,-10.329839706420898,5.235971656247784e-08,0.0943693071603775,0.04612809047102928,5.559914588928223,4.324216842651367,-0.34026575088500977,0.0,84.75,,11011.375
194,13850.25,-0.33621671797162545,0.44916337728500366,-12.066841125488281,5.6471943565838956e-08,0.1019706055521965,0.025271832942962646,3.1440300941467285,4.435065746307373,-3.911339282989502,0.0,91.0,,11011.375
195,19637.875,-0.3085937714158498,0.23719868063926697,-13.447386741638184,5.1221888952568406e-08,0.09727562963962555,0.059020813554525375,0.9931312799453735,6.11990213394165,-5.940857887268066,0.0,108.5,,11011.375
196,19464.875,0.11608625276487794,0.03374640643596649,-11.165824890136719,3.726969666217883e-08,0.0996258407831192,0.058145035058259964,3.230177879333496,2.770270347595215,-4.973859786987305,0.0,86.75,,11011.375
197,17485.75,0.292843338333754,0.007776148617267609,-10.385923385620117,7.763203768718085e-08,0.1028592586517334,0.06878809630870819,5.887988090515137,5.240765571594238,0.9222540855407715,0.0,84.375,,11011.375
198,17360.625,-0.41213722540869574,0.396254301071167,-13.15875244140625,5.614514719809449e-08,0.09763377159833908,0.05183885619044304,3.236858606338501,3.7949986457824707,-5.581168174743652,0.0,106.0,,11011.375
199,21753.875,-0.38081579205817156,0.49184495210647583,-14.612187385559082,5.4515215452966004e-08,0.08882037550210953,0.05038229376077652,1.071869969367981,4.9438581466674805,-7.965411186218262,0.0,113.0,,11011.375
200,20772.875,-0.5106498115940588,0.5429123640060425,-14.903093338012695,6.767348281755403e-08,0.09846799075603485,0.06685910373926163,4.162397861480713,4.894327640533447,-5.13812780380249,0.0,110.875,12052.65,11011.375
201,23911.5,0.1917098963347102,-0.0166705921292305,-11.159708976745605,5.8366243393948025e-08,0.09356680512428284,0.07303910702466965,3.1694397926330566,9.072636604309082,1.2323031425476074,0.0,93.75,,11011.375
202,16696.625,0.2726327818202115,0.5531871914863586,-10.60278606414795,8.733518797043871e-08,0.10522440820932388,0.06948355585336685,6.2982378005981445,4.913688659667969,1.3370361328125,0.0,88.25,,11011.375
203,18425.25,0.20617701002001604,0.22790592908859253,-11.374326705932617,6.725780110627966e-08,0.09872858226299286,0.07643108814954758,3.751654863357544,7.761808395385742,0.5422024726867676,0.0,88.375,,11011.375
204,15319.875,0.09429970232894755,0.015503168106079102,-11.342177391052246,3.394728764760657e-08,0.09564186632633209,0.05211518332362175,8.956428527832031,6.553249359130859,4.330760478973389,0.0,87.0,,11011.375
205,14087.0,0.7348336491867109,-0.4335169494152069,-6.9594621658325195,4.575412404506096e-08,0.08455371856689453,0.047119833528995514,7.750164031982422,7.611322402954102,8.100180625915527,0.0,59.625,,11011.375
206,23612.5,-0.5709576610751352,0.7177303433418274,-14.917671203613281,4.059873504047573e-08,0.09346150606870651,0.069831483066082,2.802591323852539,4.064455986022949,-7.169600486755371,0.0,108.5,,11011.375
207,19581.25,-0.3912121341470549,0.527294933795929,-14.021217346191406,6.662993001782525e-08,0.0994424968957901,0.05901002511382103,4.787040710449219,4.956441402435303,-3.5919885635375977,0.0,106.875,,11011.375
208,12554.125,0.22383034383759381,-0.2835213840007782,-10.537680625915527,3.4908190116311744e-08,0.10362056642770767,0.03981485962867737,2.5194339752197266,2.6206412315368652,-5.537692070007324,0.0,81.5,,11011.375
209,14972.125,0.05286346526495278,-0.0633133202791214,-11.608677864074707,3.9369176363379665e-08,0.10203969478607178,0.05149440839886665,3.7567925453186035,3.4334218502044678,-4.328242778778076,0.0,89.0,,11011.375
210,15057.625,-0.29982003414893055,0.29246076941490173,-11.372517585754395,4.340630965771197e-08,0.10585419088602066,0.06725162267684937,6.795339107513428,3.5088014602661133,-0.6028108596801758,0.0,93.375,13088.775,11011.375
211,13900.5,0.10857680003270909,0.25257888436317444,-11.574679374694824,3.789823210809118e-08,0.10275012254714966,0.06216857582330704,3.863527536392212,4.012875556945801,-3.280778646469116,0.0,88.75,,11011.375
212,14778.125,-0.04034832377635372,0.09782934188842773,-13.590739250183105,5.219367693598542e-08,0.10320389270782471,0.04341522976756096,2.180432081222534,3.0204529762268066,-8.145406723022461,0.0,96.0,,11011.375
213,13170.25,0.5076461295165575,-0.13863688707351685,-8.61670207977295,3.4923026248634415e-08,0.08395885676145554,0.03104269877076149,8.296835899353027,0.42205798625946045,0.07855701446533203,0.0,73.875,,11011.375
214,14371.75,0.5615478385253749,-0.3077962100505829,-8.25768756866455,4.013779530964712e-08,0.09324675053358078,0.03641520068049431,5.532203674316406,6.345634460449219,3.4420158863067627,0.0,68.875,,11011.375
215,14340.125,0.4296152990027373,-0.15808585286140442,-9.03732967376709,3.372592871642155e-08,0.09397464990615845,0.047010887414216995,5.950392723083496,5.418487071990967,2.3144497871398926,0.0,72.0,,11011.375
216,22062.125,-0.722407451786917,0.8264017105102539,-14.79211711883545,6.611447389559544e-08,0.10252364724874496,0.10489939898252487,0.0,7.1211442947387695,-6.637147903442383,0.0,103.75,,11011.375
217,16534.875,0.23018711404776138,-0.11100761592388153,-9.798583030700684,3.262762504618877e-08,0.10522103309631348,0.08644282817840576,11.413451194763184,3.223316192626953,4.918840408325195,0.0,82.0,,11011.375
218,14821.625,0.09677682397344956,-0.03539617359638214,-10.294866561889648,4.839807132839269e-08,0.10629947483539581,0.06749065965414047,8.602522850036621,2.2185535430908203,0.6646032333374023,0.0,86.875,,11011.375
219,15630.25,0.3667012889742206,-0.3657166659832001,-8.216254234313965,5.325034635461634e-08,0.10352027416229248,0.06363961845636368,14.737753868103027,3.135037660598755,9.457980155944824,0.0,73.375,,11011.375
220,11064.75,0.5614263130952815,-0.1125166043639183,-7.284726142883301,3.202151432901701e-08,0.10174371302127838,0.03746996074914932,5.398349761962891,1.7739856243133545,-0.085693359375,0.0,63.5,13338.05,11011.375
221,13170.75,0.022831047971264506,0.2066418081521988,-10.679022789001465,4.049895707680662e-08,0.09918468445539474,0.026871297508478165,3.9183189868927,5.173245429992676,-1.254760503768921,0.0,88.125,,11011.375
222,19795.625,-0.4368071954365276,0.5325260162353516,-11.436812400817871,6.893544934882812e-08,0.08476864546537399,0.051560916006565094,5.977914333343506,9.580329895019531,4.790287494659424,0.0,93.625,,11011.375
223,23322.125,-0.29691801636981197,0.34237927198410034,-10.82311725616455,5.880482589759595e-08,0.08616562932729721,0.06142214685678482,3.3342151641845703,9.794292449951172,2.7953577041625977,0.0,93.0,,11011.375
224,13092.625,0.25102372873242756,-0.007322162389755249,-9.225763320922852,4.05415434556744e-08,0.10105123370885849,0.0345630943775177,9.457015991210938,3.22139835357666,3.5809431076049805,0.0,79.0,,11011.375
225,23738.625,-0.8063057074674423,2.3290395736694336,-12.657927513122559,8.913152527156853e-08,0.09829530119895935,0.08673679083585739,5.719834327697754,6.559243202209473,2.135221481323242,0.0,110.125,,11011.375
226,16183.625,-0.16564927076770058,0.3561733365058899,-12.908500671386719,6.111873318559446e-08,0.09928887337446213,0.060543932020664215,1.80661940574646,4.48439359664917,-6.1014814376831055,0.0,97.625,,11011.375
227,19229.375,-0.6211785360179403,0.6420873999595642,-13.724995613098145,5.994412788368209e-08,0.09804864227771759,0.055194225162267685,0.0,3.6514174938201904,-9.27824878692627,0.0,106.125,,11011.375
228,14630.625,0.02173188695392586,-0.1527242660522461,-12.188660621643066,3.7176420164541923e-08,0.0990392342209816,0.04379245266318321,2.5004725456237793,3.1720755100250244,-6.526005268096924,0.0,91.75,,11011.375
229,18760.5,0.0032149423238299057,0.28075864911079407,-11.33835506439209,6.101017646642504e-08,0.07935625314712524,0.05231492593884468,6.181159973144531,5.659919261932373,0.915153980255127,0.0,92.375,,11011.375
230,22059.25,-0.8556992139207276,0.8650832176208496,-15.547469139099121,7.695424386611194e-08,0.09575226157903671,0.055282652378082275,1.0052582025527954,4.39931583404541,-9.126776695251465,0.0,118.0,12392.5,11011.375
231,15412.25,0.34255266842823656,-0.20841047167778015,-10.514561653137207,3.968645501117862e-08,0.1006416603922844,0.07402999699115753,4.11090087890625,4.1047234535217285,-2.3326759338378906,0.0,88.625,,11011.375
232,16351.75,0.23031131489029444,-0.07520431280136108,-11.646820068359375,5.141908232531023e-08,0.1004096269607544,0.06208965182304382,3.075254440307617,3.846747875213623,-4.6375226974487305,0.0,89.375,,11011.375
233,15139.0,0.14478245300702663,0.06946514546871185,-11.288626670837402,5.540550063187766e-08,0.09465619921684265,0.03345134109258652,2.9818897247314453,1.657116174697876,-6.452049255371094,0.0,92.25,,11011.375
234,15098.0,-0.19594913584719154,0.55027836561203,-12.939865112304688,5.489099663691377e-08,0.09692082554101944,0.03378920257091522,2.2773380279541016,2.4893970489501953,-7.492140769958496,0.0,103.625,,11011.375
235,19545.75,-0.21955617318117582,0.6234055757522583,-13.757067680358887,6.603402624705268e-08,0.10108090937137604,0.07238417118787766,1.7311551570892334,6.916059494018555,-4.312982559204102,0.0,105.375,,11011.375
236,14754.0,0.47905557840766166,-0.2484029084444046,-8.425079345703125,4.6295717481825704e-08,0.09779955446720123,0.05000385269522667,7.696549892425537,2.773930788040161,1.9448022842407227,0.0,77.75,,11011.375
237,19143.5,-0.3995099075891964,0.43726348876953125,-14.29605770111084,5.614473508330775e-08,0.09890782088041306,0.04619383439421654,3.4489922523498535,6.175060272216797,-4.089640140533447,0.0,107.5,,11011.375
238,22163.375,-0.3982530637130864,0.5453060865402222,-15.019993782043457,5.65022517662328e-08,0.09912687540054321,0.0896124541759491,1.6736302375793457,7.463489532470703,-5.148828506469727,0.0,108.0,,11011.375
239,15242.625,0.2832657232221807,-0.17374533414840698,-11.857619285583496,6.316955136753677e-08,0.10510368645191193,0.07667311280965805,5.591536521911621,3.3679282665252686,-2.890122413635254,0.0,91.625,,11011.375
240,16356.125,0.3770196759883314,-0.2609829306602478,-8.744134902954102,4.7115072732140106e-08,0.10286374390125275,0.05064673349261284,3.5334177017211914,3.5069446563720703,-1.8112444877624512,0.0,79.5,11965.85,11011.375
241,24747.75,-0.4107758942951443,0.287596195936203,-13.101805686950684,4.8565844679160364e-08,0.09848716855049133,0.0765245109796524,2.6377687454223633,7.7008056640625,-2.3006234169006348,0.0,104.875,,11011.375
242,20848.75,0.12160153318910549,-0.14259782433509827,-11.544144630432129,7.781463295941649e-08,0.10436554253101349,0.10596921294927597,3.304659128189087,5.093437194824219,-3.0783116817474365,0.0,90.375,,11011.375
243,16958.0,0.3443918779576628,-0.28405267000198364,-9.576820373535156,4.69431817862187e-08,0.10415705293416977,0.06705162674188614,5.427002906799316,3.140157461166382,-1.1225042343139648,0.0,81.5,,11011.375
244,13850.375,0.2878811241400076,-0.04993317276239395,-10.94414234161377,3.737851983487417e-08,0.10229164361953735,0.06007200479507446,6.859288215637207,2.6340463161468506,-1.3383769989013672,0.0,80.75,,11011.375
245,21616.5,0.20652286837717393,-0.24345120787620544,-11.542899131774902,6.652378203853004e-08,0.09232000261545181,0.044624920934438705,6.775867462158203,8.929180145263672,4.055642127990723,0.0,91.625,,11011.375
246,17170.25,-0.34461664292403016,1.5631029605865479,-12.126240730285645,6.58111360962721e-08,0.09322742372751236,0.048789408057928085,2.242870569229126,5.728096008300781,-2.4501545429229736,0.0,98.375,,11011.375
247,16150.5,-0.03497135813574573,0.12662146985530853,-10.352604866027832,5.432315219877637e-08,0.0962744876742363,0.03964528068900108,6.7805376052856445,4.2913384437561035,0.9818120002746582,0.0,89.5,,11011.375
248,11903.625,-0.0777043324818977,0.00608198344707489,-11.62521743774414,6.510057914965728e-08,0.10574521869421005,0.025877607986330986,3.6646342277526855,1.3089274168014526,-6.513950824737549,0.0,90.625,,11011.375
249,24267.625,-0.25281225588166156,0.105815589427948,-13.064729690551758,5.226272037361923e-08,0.09797915071249008,0.07038859277963638,3.606389045715332,9.626144409179688,0.4419872760772705,0.0,102.75,,11011.375
250,14503.875,0.18644852248661226,0.3190683424472809,-9.637663841247559,3.945029547480772e-08,0.10283146053552628,0.06435837596654892,6.935595512390137,5.400997161865234,3.1851866245269775,0.0,82.75,11833.0,11011.375
251,20252.625,-0.45812864171841833,0.44544050097465515,-14.574259757995605,5.7736968983590486e-08,0.1047721728682518,0.09832830727100372,2.695722818374634,3.608713150024414,-7.621282577514648,0.0,111.75,,11011.375
252,16034.5,-0.5630677446524763,1.2959855794906616,-13.96030330657959,5.533962976755902e-08,0.10589165985584259,0.04664678871631622,5.517874717712402,1.218991756439209,-5.7749128341674805,0.0,109.875,,11011.375
253,17051.375,-0.25169262817241445,0.2356552928686142,-14.986213684082031,5.048588747058602e-08,0.10359057039022446,0.05549408867955208,0.6777436137199402,2.8942151069641113,-11.019515037536621,0.0,103.25,,11011.375
254,19786.5,0.18091148066974092,0.4337920546531677,-11.411285400390625,5.4348753053545806e-08,0.09939675033092499,0.053719308227300644,2.189523696899414,7.051943778991699,-1.5829098224639893,0.0,93.5,,11011.375
255,16626.375,0.4085828873965981,4.421395301818848,-9.729937553405762,3.152370808834348e-08,0.10166330635547638,0.060675304383039474,5.069765567779541,4.860206127166748,4.783768177032471,0.0,79.625,,11011.375
256,24014.5,-0.4094366047030322,0.4172615706920624,-13.920516967773438,4.829852784382638e-08,0.1028159037232399,0.08182653039693832,1.8064727783203125,6.222891807556152,-5.289248466491699,0.0,108.375,,11011.375
257,20745.625,0.1575977654879268,0.06905663013458252,-10.60741901397705,3.95237336192622e-08,0.10379114001989365,0.06764587014913559,5.136702060699463,5.530645370483398,0.30042219161987305,0.0,92.875,,11011.375
258,13936.25,0.643985505261681,-0.5751581192016602,-7.488171577453613,5.380263701226795e-08,0.10699161142110825,0.05734283849596977,7.761495590209961,5.649436950683594,5.511937141418457,0.0,69.375,,11011.375
259,19197.25,0.051097589976358326,0.8564386367797852,-11.60412883758545,3.328399600377452e-08,0.10655923187732697,0.05293384939432144,7.392809867858887,2.227473497390747,-0.9679145812988281,0.0,95.0,,11011.375
260,19232.25,-0.011659430020582395,-0.07434841990470886,-12.530678749084473,4.693885458095792e-08,0.1047229915857315,0.04594968631863594,6.440038204193115,3.6329686641693115,-2.381347179412842,0.0,101.0,13433.75,11011.375
261,23353.25,-0.6510495940691463,0.7157895565032959,-17.072877883911133,5.429148330904354e-08,0.10422249138355255,0.09030921757221222,0.0,6.429233551025391,-9.733323097229004,0.0,122.25,,11011.375
262,16932.5,0.7008296154958544,-0.4839179515838623,-6.913055419921875,2.3025872764037558e-08,0.10510668903589249,0.06599563360214233,5.649052619934082,2.295483112335205,0.7186646461486816,0.0,69.375,,11011.375
263,19958.875,-0.3122407097392374,0.2065788209438324,-13.706751823425293,5.501948052710759e-08,0.1062886118888855,0.05932592228055,2.2705881595611572,4.887831211090088,-6.176137924194336,0.0,104.875,,11011.375
264,12718.75,0.5727936164257328,-0.561177134513855,-8.626726150512695,3.6461102581597515e-08,0.10612094402313232,0.0466989129781723,9.707287788391113,4.393731117248535,5.0659356117248535,0.0,77.125,,11011.375
265,18494.5,0.13549868541517376,6.127806663513184,-9.70193099975586,4.758003058213944e-08,0.10153060406446457,0.04431570693850517,8.616567611694336,8.554679870605469,13.742969512939453,0.0,82.625,,11011.375
266,19797.5,-0.29747477598858635,0.5069100260734558,-13.481982231140137,4.713629664365726e-08,0.10237308591604233,0.04302213713526726,5.123287200927734,4.580930233001709,-3.125459671020508,0.0,106.625,,11011.375
267,19577.25,0.07589733297961015,-0.05648791790008545,-9.95450210571289,4.7471413466837475e-08,0.09950532019138336,0.05679245665669441,4.08021879196167,3.889059543609619,-1.8854141235351562,0.0,89.25,,11011.375
268,15380.75,0.3626905988971519,-0.18931567668914795,-9.929610252380371,6.04499632572697e-08,0.10469061136245728,0.0742947980761528,1.8190091848373413,5.6625075340271,-2.4584240913391113,0.0,79.5,,11011.375
269,16759.375,-0.13933064254791164,0.06602583825588226,-12.322554588317871,6.240353656039588e-08,0.10515131801366806,0.06344882398843765,4.024116516113281,4.118984222412109,-3.9448280334472656,0.0,96.5,,11011.375
270,18852.25,0.02194873349627742,0.012332350015640259,-11.93169116973877,5.3358650831114574e-08,0.10152073949575424,0.06577262282371521,5.670179843902588,5.164885520935059,-0.9170007705688477,0.0,94.5,12701.15,11011.375
271,19769.25,-0.3177151636170682,0.3380421996116638,-12.411471366882324,5.0132083373455316e-08,0.0949702262878418,0.04301951453089714,1.7637624740600586,4.355076789855957,-5.816600322723389,0.0,104.25,,11011.375
272,18695.25,-0.6849013332591359,0.5746005773544312,-15.574414253234863,5.288722348950614e-08,0.09988301992416382,0.0498589389026165,0.37320828437805176,4.414306640625,-10.062557220458984,0.0,118.25,,11011.375
273,15078.875,0.34814728274131124,-0.003452468663454056,-10.459547996520996,2.8969232346298668e-08,0.10039782524108887,0.040495920926332474,4.575715065002441,5.4007463455200195,-0.3456449508666992,0.0,84.125,,11011.375
274,21904.125,-0.337985971275993,0.5121607780456543,-13.237509727478027,5.7554643717594445e-08,0.10054971277713776,0.06811650097370148,4.1220197677612305,5.072124481201172,-3.3625388145446777,0.0,106.25,,11011.375
275,16582.625,0.4034968406599023,-0.15920373797416687,-9.8717679977417,5.7086758431523776e-08,0.10548944771289825,0.06509789079427719,0.6440613269805908,3.1531267166137695,-6.063196182250977,0.0,84.75,,11011.375
276,14011.75,0.10341881032241096,0.25697165727615356,-10.795345306396484,3.088919697802339e-08,0.10614833980798721,0.05206373333930969,7.245057106018066,3.0270326137542725,-0.10807180404663086,0.0,89.0,,11011.375
277,13007.125,0.3827544952424547,-0.43080565333366394,-9.201411247253418,4.902799588535345e-08,0.10391818732023239,0.06656961888074875,6.128827095031738,4.440520286560059,1.107618808746338,0.0,72.125,,11011.375
278,15417.75,0.194756330975397,0.01590694487094879,-8.931219100952148,4.6440849388318384e-08,0.10421761125326157,0.05446835979819298,5.310883522033691,3.702179193496704,0.2564363479614258,0.0,82.25,,11011.375
279,17471.0,0.4432230201935058,-0.16107749938964844,-10.464590072631836,3.996451169996362e-08,0.09575694799423218,0.04786873981356621,5.398215293884277,9.090496063232422,4.006669521331787,0.0,80.875,,11011.375
280,14355.875,0.24606584735174986,-0.1087479442358017,-9.202170372009277,4.781064788517142e-08,0.10547289997339249,0.0651073157787323,5.56944465637207,2.639840841293335,-0.9310517311096191,0.0,85.625,11684.925,11011.375
281,17907.875,-0.716083799609952,1.7009940147399902,-15.284378051757812,5.4791694736877616e-08,0.10403507202863693,0.08120416104793549,3.3709704875946045,4.07712459564209,-5.950048446655273,0.0,108.75,,11011.375
282,23054.875,-0.25573165808501186,0.4861046373844147,-13.116830825805664,4.735155556545578e-08,0.0984584242105484,0.05775672197341919,3.1401848793029785,5.852382183074951,-3.4819436073303223,0.0,104.25,,11011.375
283,16062.75,0.4012597225106979,-0.47111645340919495,-9.681807518005371,3.806322368404835e-08,0.09774281084537506,0.041287459433078766,2.248457908630371,6.743887901306152,-1.021547555923462,0.0,77.25,,11011.375
284,22155.625,-0.6014360702224578,0.7481891512870789,-14.498400688171387,4.5176705043559195e-08,0.0999930128455162,0.06404852122068405,1.1689192056655884,4.787144184112549,-7.630107402801514,0.0,109.625,,11011.375
285,18722.125,-0.18086491955629536,0.46903496980667114,-11.519055366516113,9.838615255830518e-08,0.10421135276556015,0.06529475748538971,5.1331467628479,4.341806411743164,-1.4055609703063965,0.0,96.125,,11011.375
286,15734.125,-0.5379039370609546,0.35004204511642456,-14.915290832519531,4.7116614609876706e-08,0.10546951740980148,0.07247956842184067,0.996944785118103,2.622783660888672,-10.767571449279785,0.0,107.875,,11011.375
287,21464.375,0.03758883980391961,-0.08688724040985107,-11.918299674987793,4.6130885777984076e-08,0.0980919748544693,0.0720723494887352,2.1780076026916504,6.84704065322876,-2.809974193572998,0.0,91.125,,11011.375
288,15788.125,0.1926023183455995,-0.02022022008895874,-12.252435684204102,3.143767912661133e-08,0.10421790927648544,0.057912636548280716,4.099571228027344,5.567317485809326,-2.443635940551758,0.0,88.625,,11011.375
289,15099.125,0.6396380176988693,-0.5215637683868408,-9.601332664489746,3.68815591400562e-08,0.10398494452238083,0.041328418999910355,4.3486504554748535,2.6391563415527344,-2.989776134490967,0.0,79.125,,11011.375
290,16337.25,0.08393299002313936,0.07470248639583588,-10.754785537719727,7.043959016073131e-08,0.1038173958659172,0.05311376601457596,4.0356011390686035,2.3599424362182617,-4.127608776092529,0.0,94.25,11729.5,11011.375
291,20231.875,-0.39687646872151056,0.7159004807472229,-13.052057266235352,5.449113871236477e-08,0.09430340677499771,0.040668386965990067,2.63015079498291,5.338671684265137,-4.232362270355225,0.0,99.5,,11011.375
292,17663.75,-0.023392726222743576,0.2297668308019638,-10.002340316772461,6.205597458119883e-08,0.08824094384908676,0.03996821865439415,6.7033586502075195,7.475733757019043,4.534728050231934,0.0,88.75,,11011.375
293,21141.75,-0.22299055655473776,0.9878758788108826,-12.332733154296875,5.899562438571593e-08,0.08961325138807297,0.06431540101766586,5.047660827636719,7.166712760925293,1.0234451293945312,0.0,98.375,,11011.375
294,20177.75,0.016471185502477337,0.1413227617740631,-10.973095893859863,8.736786583085632e-08,0.09986140578985214,0.08247774839401245,1.7762296199798584,7.236342906951904,-1.6368610858917236,0.0,91.375,,11011.375
295,21345.75,-0.4743541465060189,0.38887783885002136,-13.873977661132812,5.3892307505520876e-08,0.10331755131483078,0.08992620557546616,2.890409231185913,4.769153594970703,-5.632293701171875,0.0,112.0,,11011.375
296,14791.375,0.7693882832805635,-0.6480157375335693,-7.975869655609131,3.802970027777519e-08,0.10175613313913345,0.036878615617752075,6.052693843841553,2.3097527027130127,-0.12280416488647461,0.0,76.25,,11011.375
297,15637.75,0.2073519852337078,0.4162602424621582,-10.871005058288574,3.981909202366296e-08,0.10337278991937637,0.05380505323410034,5.524234771728516,3.896066665649414,-0.877265453338623,0.0,83.625,,11011.375
298,15062.875,0.21785515345613468,-0.19660520553588867,-11.98517894744873,6.216338732656368e-08,0.1059168204665184,0.052556443959474564,5.412935256958008,2.2702736854553223,-4.340102195739746,0.0,97.125,,11011.375
299,17619.25,0.09787087496534902,-0.015921495854854584,-10.949772834777832,5.168952554868156e-08,0.10454966872930527,0.05082806944847107,4.184668064117432,5.732230186462402,-0.8934183120727539,0.0,89.25,,11011.375
300,33825.875,-0.8761991426703473,0.9482579231262207,-16.94623565673828,6.538718366755347e-08,0.10415486246347427,0.1129278689622879,0.5269958972930908,6.037318706512451,-9.216581344604492,0.0,122.125,11772.025,11011.375
301,20722.375,-0.11399804561024549,0.357982337474823,-13.212814331054688,4.4409059540839735e-08,0.10563832521438599,0.08743926137685776,6.208667755126953,5.117485046386719,-1.3356013298034668,0.0,101.375,,11011.375
302,28775.5,-0.26888765392403546,0.340035617351532,-15.394619941711426,5.907191180654081e-08,0.10375829041004181,0.10726084560155869,2.041111707687378,5.69377326965332,-7.108680725097656,0.0,110.75,,11011.375
303,21748.25,-0.011553581673553137,0.49690675735473633,-11.779685020446777,4.7977323447412346e-08,0.09959203004837036,0.05117782577872276,1.6685569286346436,2.704697608947754,-6.758752822875977,0.0,100.25,,11011.375
304,20572.625,-0.13138947783471477,0.8668400049209595,-14.730331420898438,6.5418667816175e-08,0.10244005173444748,0.0675024539232254,1.1871273517608643,5.955161094665527,-6.551259994506836,0.0,107.375,,11011.375
305,18797.125,0.05303786315551945,0.16779081523418427,-12.126042366027832,6.696448906495789e-08,0.1025976687669754,0.05146190524101257,2.2570502758026123,3.0370664596557617,-6.510075569152832,0.0,104.625,,11011.375
306,13018.5,0.1447910608234821,-0.08800205588340759,-12.597981452941895,4.245287499315964e-08,0.10507094115018845,0.061922360211610794,2.5880627632141113,2.488910675048828,-7.442017078399658,0.0,93.0,,11011.375
307,18276.75,-0.2310852432691972,1.8759868144989014,-13.736869812011719,5.459658680706525e-08,0.09829683601856232,0.04925844073295593,1.4673690795898438,4.766485214233398,-5.47947359085083,0.0,101.5,,11011.375
308,15152.125,0.13397418492717972,-0.2523164749145508,-11.658214569091797,5.431468252936611e-08,0.09559434652328491,0.04586518555879593,1.5412133932113647,4.58183479309082,-5.646023273468018,0.0,90.125,,11011.375
309,16532.875,0.0764871445084826,0.024389728903770447,-12.79845905303955,4.6694854205497904e-08,0.09865303337574005,0.035900719463825226,5.764071464538574,3.8176605701446533,-3.057784080505371,0.0,97.5,,11011.375
310,17354.0,0.2887559275108784,0.04547196626663208,-12.198866844177246,6.509117156383581e-08,0.09328026324510574,0.06243240833282471,3.8656325340270996,5.56966495513916,-2.562384605407715,0.0,90.875,12638.3,11011.375
311,19957.25,-0.17283279102444218,0.1446286290884018,-13.773039817810059,4.6912575157875835e-08,0.09397559612989426,0.09053211659193039,2.0371170043945312,5.221799850463867,-6.184986114501953,0.0,103.375,,11011.375
312,21926.5,0.01401940810817956,-0.04237305372953415,-12.745445251464844,7.427132686643745e-08,0.09363351762294769,0.07887778431177139,5.984253883361816,4.538525104522705,-2.092527389526367,0.0,103.75,,11011.375
313,14601.375,0.3877745234919262,-0.14179766178131104,-9.603291511535645,6.83023841929753e-08,0.08878407627344131,0.05782860517501831,6.08116340637207,3.9881863594055176,0.4708728790283203,0.0,85.125,,11011.375
314,13777.625,0.12395175993073687,0.11679287254810333,-12.08153247833252,5.938430547303142e-08,0.08839871734380722,0.03343290835618973,5.548220157623291,1.6889290809631348,-4.605758190155029,0.0,94.625,,11011.375
315,14903.75,0.7288376922791249,-0.34266722202301025,-7.954193115234375,4.655476359971544e-08,0.07424389570951462,0.03833156079053879,8.623085975646973,4.844949722290039,5.283750534057617,0.0,76.125,,11011.375
316,15762.375,0.06156234938044913,-0.049953848123550415,-10.5101318359375,5.9433865828850685e-08,0.08694031834602356,0.03084549866616726,6.293887615203857,5.656654357910156,1.5082426071166992,0.0,87.625,,11011.375
317,17354.75,-0.33064363963857024,0.3688558340072632,-13.094459533691406,4.895901639656586e-08,0.08722896128892899,0.05887943506240845,3.498990774154663,3.515185832977295,-5.565319061279297,0.0,103.625,,11011.375
318,18163.375,-0.10166032659037215,0.08728528022766113,-12.046793937683105,5.660041324517806e-08,0.09514834731817245,0.0678286924958229,2.447096347808838,4.875940799713135,-4.473494529724121,0.0,95.125,,11011.375
319,15845.75,0.3237676820944034,-0.23932518064975739,-10.57313346862793,5.628725219253283e-08,0.09475293010473251,0.06846504658460617,2.747147560119629,4.666001319885254,-3.2360920906066895,0.0,86.625,,11011.375
320,20233.625,-0.4317773427275415,1.0608794689178467,-13.113214492797852,4.633153238842169e-08,0.0882643610239029,0.043609291315078735,3.2614593505859375,3.6041431427001953,-5.054858207702637,0.0,104.5,12498.95,11011.375
321,15075.25,0.4597189417280849,-0.45912647247314453,-8.035898208618164,4.316214230470905e-08,0.09443744271993637,0.0458330400288105,2.389749050140381,2.590365409851074,-3.3746395111083984,0.0,74.75,,11011.375
322,24509.75,-1.1086287642017894,1.3087491989135742,-15.526107788085938,6.375802996672064e-08,0.09415657818317413,0.08197326958179474,1.8274294137954712,7.335771560668945,-4.87802791595459,0.0,122.25,,11011.375
323,15980.875,0.22362722891227133,-0.19566570222377777,-10.482605934143066,5.4165269602890476e-08,0.09969540685415268,0.05568045377731323,2.334398031234741,1.9239611625671387,-6.2645368576049805,0.0,91.875,,11011.375
324,16929.375,-0.0998663796452092,-0.025348372757434845,-12.823681831359863,5.727062557525642e-08,0.09932141751050949,0.0661032497882843,2.4460511207580566,4.456230163574219,-5.781324863433838,0.0,94.25,,11011.375
325,22123.25,-0.6698329142304733,0.4865199327468872,-15.540887832641602,7.531131274163272e-08,0.09414628893136978,0.06832119077444077,1.5461280345916748,7.027162551879883,-6.318610191345215,0.0,119.25,,11011.375
326,24244.5,-0.2687860097238538,0.28906363248825073,-14.05768871307373,4.528272157244828e-08,0.09684430807828903,0.06822501122951508,1.1778620481491089,4.806155681610107,-7.619537353515625,0.0,102.125,,11011.375
327,15734.5,0.8298169485254758,-0.5927639007568359,-8.495271682739258,5.8370090982862166e-08,0.09789428114891052,0.049504704773426056,4.7558441162109375,6.606855392456055,2.422062873840332,0.0,76.375,,11011.375
328,20900.75,-0.12593286391255176,-0.013113778084516525,-12.260787010192871,4.627120731015566e-08,0.1004059910774231,0.08160208910703659,2.561028242111206,4.977872848510742,-4.55299186706543,0.0,105.25,,11011.375
329,20403.125,-0.0011869779908339206,0.15028075873851776,-13.598007202148438,4.0496306752402234e-08,0.10264457762241364,0.06915374845266342,10.691113471984863,3.738541603088379,1.1537275314331055,0.0,100.25,,11011.375
330,12451.25,1.0363663154614429,-0.9286823272705078,-6.909648418426514,4.97983414504688e-08,0.10247104614973068,0.043699830770492554,12.922536849975586,2.6352081298828125,7.865584850311279,0.0,63.5,12167.05,11011.375
331,19520.125,0.32968269583184767,-0.3617287874221802,-9.374910354614258,3.341757803809742e-08,0.09181558340787888,0.05301440507173538,3.6131653785705566,4.244443416595459,-1.7342004776000977,0.0,83.125,,11011.375
332,15624.625,0.38724562898843873,-0.19188141822814941,-9.618206024169922,5.5935796439143814e-08,0.09232836961746216,0.04629135876893997,4.183040142059326,4.055923938751221,-1.4325032234191895,0.0,84.875,,11011.375
333,13051.5,0.04610529391492621,0.4786527752876282,-9.106958389282227,4.464830638539752e-08,0.09574096649885178,0.02688509225845337,4.5205979347229,3.5870919227600098,-0.39798974990844727,0.0,81.625,,11011.375
334,20396.25,-0.5130713734388246,0.5003930330276489,-14.208361625671387,5.7090787208835536e-08,0.0797855481505394,0.055115409195423126,0.9723280668258667,6.037142276763916,-6.563597679138184,0.0,107.5,,11011.375
335,21253.125,-0.40109107503478,0.4863238036632538,-14.031867027282715,5.306558392703664e-08,0.08989957720041275,0.058077096939086914,1.9791207313537598,7.512580871582031,-3.90586519241333,0.0,107.875,,11011.375
336,17533.5,0.0784048786020449,0.040330082178115845,-11.212459564208984,7.764408138655199e-08,0.09882531315088272,0.072452113032341,1.8019890785217285,3.7403342723846436,-5.458528518676758,0.0,96.5,,11011.375
337,19150.375,0.16457175701257482,-0.002503529191017151,-11.054342269897461,4.6663135577773573e-08,0.10054309666156769,0.06879126280546188,7.190349578857422,3.640188694000244,-0.05697298049926758,0.0,91.375,,11011.375
338,17205.0,0.19355870016210322,0.08585843443870544,-9.962274551391602,6.467944757559962e-08,0.09261347353458405,0.05546466261148453,2.599060535430908,3.3237669467926025,-3.8055105209350586,0.0,90.625,,11011.375
339,16474.75,-0.3438481444798692,1.0343718528747559,-11.299392700195312,6.61564598658515e-08,0.09983198344707489,0.029301095753908157,3.4916770458221436,1.9419587850570679,-4.702252388000488,0.0,93.75,,11011.375
340,18056.875,-0.3226545949601342,0.5836594104766846,-12.949447631835938,5.287090587557941e-08,0.09105737507343292,0.03884902223944664,5.701887607574463,3.881995916366577,-2.6519980430603027,0.0,100.375,12094.825,11011.375
341,18102.75,0.11821623733604604,0.13896185159683228,-10.895715713500977,5.256438484479986e-08,0.09625040739774704,0.0603775791823864,5.385622501373291,8.361690521240234,3.1471869945526123,0.0,85.875,,11011.375
342,14856.125,0.004543642841799936,0.19538481533527374,-11.543447494506836,4.9309946348330413e-08,0.10511543601751328,0.05201069265604019,2.151163101196289,2.2502541542053223,-6.789519309997559,0.0,91.125,,11011.375
343,15477.25,0.3161790700001902,-0.17261670529842377,-10.306920051574707,3.491382116749264e-08,0.10435634851455688,0.06395424902439117,6.446122169494629,3.4991235733032227,-0.3659806251525879,0.0,81.625,,11011.375
344,22984.875,-0.31020189836373996,0.18748342990875244,-13.697552680969238,5.0798206530089374e-08,0.09727343171834946,0.06607957929372787,3.57932710647583,5.465242385864258,-4.3021464347839355,0.0,106.75,,11011.375
345,18521.0,-0.24072735660916506,1.1779754161834717,-13.86204719543457,4.729692548721687e-08,0.09988080710172653,0.05703289434313774,4.116517543792725,5.6231279373168945,-2.7875123023986816,0.0,105.5,,11011.375
346,16494.625,0.05467793221191988,-0.016721051186323166,-10.317672729492188,6.658569162709682e-08,0.09852467477321625,0.0649060606956482,2.1440160274505615,4.517524719238281,-3.5094220638275146,0.0,90.75,,11011.375
347,12961.625,0.09177647825787755,0.02187517285346985,-10.8106050491333,4.639826656216428e-08,0.10230683535337448,0.042511049658060074,8.41617202758789,2.2015490531921387,-0.02619171142578125,0.0,84.375,,11011.375
348,17870.25,-0.3718822195728565,0.3352562189102173,-12.37879753112793,5.861944529783614e-08,0.09435271471738815,0.04904038459062576,1.0698322057724,6.507491588592529,-4.322824001312256,0.0,102.375,,11011.375
349,14254.375,0.01619632637250759,0.6534290313720703,-11.554705619812012,3.946971460777604e-08,0.10166244953870773,0.04626239463686943,2.7560782432556152,2.102285385131836,-5.8949875831604,0.0,92.25,,11011.375
350,12241.75,0.4609905243362703,-0.09339633584022522,-9.452341079711914,3.6791377056033525e-08,0.10057181119918823,0.02949153445661068,4.663863658905029,1.6561005115509033,-3.095710277557373,0.0,79.0,11846.425,11011.375
351,14039.25,0.6036669835986654,-0.20301216840744019,-7.243967533111572,3.491124900278919e-08,0.08107558637857437,0.04569191858172417,7.184100151062012,3.3345260620117188,3.1984143257141113,0.0,69.5,,11011.375
352,15003.875,0.17315050654406,-0.27432310581207275,-10.63969612121582,4.0241818766162396e-08,0.08704880625009537,0.03432060033082962,6.0822224617004395,4.440911293029785,-0.2695159912109375,0.0,86.625,,11011.375
353,10998.875,0.5186847673271577,-0.20690304040908813,-8.846342086791992,3.723383557030502e-08,0.0954606682062149,0.021471703425049782,4.619699001312256,2.9664885997772217,-1.3501253128051758,0.0,74.125,,11011.375
354,19419.375,-0.7618143774431358,1.8995285034179688,-13.51665210723877,4.956932997401964e-08,0.06099274381995201,0.05200812965631485,2.1787729263305664,4.195489883422852,-5.129859924316406,0.0,107.75,,11011.375
355,19722.375,-0.32781399763221775,0.4871731400489807,-13.673858642578125,5.488483267868105e-08,0.05302877351641655,0.06215253472328186,2.304123878479004,9.354249954223633,-1.413130283355713,0.0,101.0,,11011.375
356,17219.625,0.30988933686979364,-0.24029305577278137,-11.20966911315918,5.0934801265611895e-08,0.07520576566457748,0.060716450214385986,4.908271312713623,4.633779048919678,-1.7719898223876953,0.0,81.125,,11011.375
357,16179.125,0.10807560607431382,-0.10210946202278137,-10.777486801147461,8.91816043235849e-08,0.07615616172552109,0.05416715145111084,4.245102405548096,5.3144354820251465,-1.1897354125976562,0.0,86.25,,11011.375
358,17173.75,0.2603705495906433,-0.1903204619884491,-11.632296562194824,7.739361507219655e-08,0.08150937408208847,0.05495085194706917,2.6911144256591797,3.414917469024658,-5.580124855041504,0.0,93.875,,11011.375
359,16149.875,0.5755048441186508,-0.31419289112091064,-7.966818332672119,2.64882515921272e-08,0.08573099225759506,0.05433846637606621,4.321417331695557,2.987569570541382,-0.8319549560546875,0.0,71.875,,11011.375
360,20020.625,-0.18391661377184557,0.11526147276163101,-12.34778881072998,4.84181796878147e-08,0.06901021301746368,0.07736673951148987,3.2084429264068604,5.226081848144531,-3.651625871658325,0.0,91.5,12713.9,11011.375
361,19029.5,0.061156517698650104,0.27023255825042725,-10.98361587524414,5.0442757526525384e-08,0.07797791063785553,0.0844755545258522,0.48357123136520386,7.9668660163879395,-2.1004929542541504,0.0,88.625,,11011.375
362,17734.375,0.316995531590411,-0.21306148171424866,-9.403681755065918,4.501953654312274e-08,0.07563333958387375,0.059402525424957275,2.287646532058716,3.4507455825805664,-3.7433149814605713,0.0,80.25,,11011.375
363,12535.625,0.8921274855725836,-0.7939177751541138,-5.921498775482178,2.553524502957316e-08,0.0905652791261673,0.04645385220646858,6.45850133895874,3.5415985584259033,3.4217026233673096,0.0,59.75,,11011.375
364,19165.75,-1.013528671441815,1.162879228591919,-15.587356567382812,8.757051972452246e-08,0.08956340700387955,0.04705531895160675,4.211472988128662,2.975761890411377,-7.100623607635498,0.0,119.75,,11011.375
365,17991.0,-0.4513253286232775,0.5513955354690552,-13.24307918548584,5.541144076914861e-08,0.077696792781353,0.06435244530439377,3.406541585922241,5.513842582702637,-3.6292502880096436,0.0,99.5,,11011.375
366,17495.125,-0.1330296902168941,0.2892511188983917,-11.97503662109375,4.816136112140157e-08,0.08453021198511124,0.06763706356287003,2.8511195182800293,4.818047046661377,-3.8644514083862305,0.0,92.5,,11011.375
367,14559.5,0.17452891589518177,0.040044575929641724,-10.373136520385742,3.467058107275989e-08,0.09506137669086456,0.0598333366215229,8.546012878417969,2.2162094116210938,0.5840253829956055,0.0,83.0,,11011.375
368,13768.375,0.06165107880851345,0.6778263449668884,-10.920974731445312,5.493400223599565e-08,0.09536164253950119,0.0487716868519783,6.925710678100586,2.608426570892334,-0.564877986907959,0.0,88.0,,11011.375
369,20346.75,-0.5390543522101546,1.097434401512146,-13.525527954101562,5.910494138561262e-08,0.07613866776227951,0.05888322740793228,1.003361463546753,5.174006462097168,-6.115704536437988,0.0,101.5,,11011.375
370,13575.0,0.6124431416704458,-0.21343164145946503,-7.717957973480225,4.934810249324073e-08,0.07473161071538925,0.0454472117125988,4.911643981933594,2.0021445751190186,-0.8974218368530273,0.0,71.0,12512.15,11011.375
371,18158.25,-0.6942958772427577,0.883395791053772,-14.173962593078613,6.44177688968739e-08,0.0702713280916214,0.05207135155797005,0.5753742456436157,3.522223949432373,-9.070625305175781,0.0,109.75,,11011.375
372,13306.375,0.335900682737562,-0.18046846985816956,-10.330041885375977,5.281486537001001e-08,0.08158992975950241,0.03849152848124504,1.1670680046081543,3.565397024154663,-5.657963752746582,0.0,78.875,,11011.375
373,16122.25,0.08399196122917937,-0.06865405291318893,-10.339159965515137,3.820918337282819e-08,0.07903262227773666,0.04894987866282463,9.289398193359375,4.833775043487549,3.84334135055542,0.0,85.25,,11011.375
374,18836.875,-0.5187061624422833,0.6315256953239441,-12.784762382507324,5.643523337539591e-08,0.05765719339251518,0.059680283069610596,0.45503467321395874,3.0994391441345215,-8.481425285339355,0.0,101.375,,11011.375
375,20059.125,-0.41668591707264313,1.0660955905914307,-14.166935920715332,4.1732242550551746e-08,0.05298353359103203,0.05086646229028702,1.5876128673553467,3.45745849609375,-7.9519195556640625,0.0,102.625,,11011.375
376,13745.125,0.566333002018137,1.6861101388931274,-8.824153900146484,5.5254869124610195e-08,0.06433828920125961,0.05993567779660225,3.2633109092712402,4.51068115234375,0.7602219581604004,0.0,73.625,,11011.375
377,14891.375,-0.010895890914510875,0.016617804765701294,-11.319131851196289,5.8043873707447347e-08,0.07776563614606857,0.016582919284701347,5.5667548179626465,3.3261590003967285,-2.3152518272399902,0.0,94.0,,11011.375
378,15741.0,0.03879723879352426,-0.10515964031219482,-10.250006675720215,3.5657762964547146e-08,0.06930368393659592,0.04626201093196869,6.441274642944336,3.8374602794647217,0.03913402557373047,0.0,83.5,,11011.375
379,17682.5,0.05822444382580222,0.12863227725028992,-10.657974243164062,6.129832996748519e-08,0.07012907415628433,0.05614694580435753,2.584649085998535,6.642899513244629,-1.1755170822143555,0.0,90.75,,11011.375
380,17394.125,-0.2208415625786947,0.5792194604873657,-12.820451736450195,3.496681699743931e-08,0.07831825315952301,0.08254682272672653,3.3041138648986816,4.013147830963135,-4.7631049156188965,0.0,91.5,11859.775,11011.375
381,19773.625,0.10785339186916226,0.07638111710548401,-10.919547080993652,5.0490257308410946e-08,0.07809661328792572,0.06306608021259308,7.295672416687012,4.945406913757324,1.5390753746032715,0.0,89.625,,11011.375
382,20295.375,-0.2830600072783701,0.5464829802513123,-13.162482261657715,6.578573419346867e-08,0.07275736331939697,0.06273537874221802,4.003985404968262,5.910970687866211,-2.5655503273010254,0.0,103.0,,11011.375
383,20080.375,0.044743753896965305,0.570087730884552,-11.151585578918457,7.529038015263723e-08,0.048757921904325485,0.05093313381075859,2.5396900177001953,7.6890153884887695,-0.2531015872955322,0.0,97.875,,11011.375
384,25518.125,-0.12908702190845833,0.3417729139328003,-11.645125389099121,5.697484439792788e-08,0.055808570235967636,0.06852851063013077,3.8026132583618164,3.878526210784912,-3.497875690460205,0.0,98.5,,11011.375
385,24280.625,-0.4380574893864606,0.37724366784095764,-14.394989013671875,6.349907977210023e-08,0.06925471127033234,0.08905637264251709,2.740535259246826,4.5277204513549805,-6.5911784172058105,0.0,105.125,,11011.375
386,19534.5,-0.4619053867638724,0.6262794733047485,-13.30252742767334,9.112581267345377e-08,0.08143796771764755,0.054018523544073105,1.0492669343948364,4.214287757873535,-7.277235984802246,0.0,109.125,,11011.375
387,13296.625,0.602524951684644,-0.5481085181236267,-8.925894737243652,5.07919679648694e-08,0.0859045535326004,0.03668324276804924,4.993839263916016,4.308075428009033,-0.049500465393066406,0.0,73.375,,11011.375
388,19992.75,0.0024652123081818494,-0.07129359245300293,-12.192965507507324,3.600096221134663e-08,0.07310248911380768,0.047368865460157394,4.719934463500977,2.2025599479675293,-5.221292495727539,0.0,91.375,,11011.375
389,18410.375,-0.29717355657031586,0.44660133123397827,-11.356329917907715,6.061044643956848e-08,0.07866220921278,0.04076787456870079,3.045436143875122,4.317874908447266,-3.426987886428833,0.0,94.0,,11011.375
390,21445.5,-0.18734095479934254,0.2217441201210022,-14.764838218688965,5.7704870215502524e-08,0.07142958045005798,0.0763404369354248,2.168607473373413,4.805707931518555,-7.421008110046387,0.0,104.125,12697.925,11011.375
391,15153.625,0.5107127443661349,-0.2987348735332489,-9.342117309570312,6.446561684469998e-08,0.0915522426366806,0.06386698782444,7.7105607986450195,3.9750261306762695,2.2001543045043945,0.0,77.5,,11011.375
392,18730.375,-0.7455740278683146,1.818220615386963,-14.113842964172363,9.287689550774303e-08,0.09042089432477951,0.05446019768714905,2.0278983116149902,3.1191277503967285,-7.0037150382995605,0.0,108.875,,11011.375
393,18757.125,0.20468562249947167,-0.13744385540485382,-11.688299179077148,6.671295693649881e-08,0.07955515384674072,0.05106338858604431,4.518019676208496,5.401239395141602,-1.775865077972412,0.0,98.625,,11011.375
394,15260.875,0.4542636819225335,1.6674710512161255,-10.632034301757812,4.854047830349373e-08,0.07560183852910995,0.04271921515464783,6.931927680969238,2.537221670150757,0.6229076385498047,0.0,85.125,,11011.375
395,14466.0,0.0881132218918541,0.10691750794649124,-10.988435745239258,6.0752604724712e-08,0.07148360460996628,0.03952735289931297,4.375534534454346,2.0457029342651367,-4.349270343780518,0.0,89.125,,11011.375
396,27173.0,-0.5709699436779181,0.5043313503265381,-15.342971801757812,4.394508223981575e-08,0.05669984966516495,0.09071502834558487,1.1300231218338013,3.120236396789551,-10.44096565246582,0.0,114.125,,11011.375
397,11307.5,0.6654986647433286,-0.3119490146636963,-7.630067348480225,4.239432271901933e-08,0.09632454067468643,0.04102110490202904,4.611322402954102,1.3376197814941406,-1.855729103088379,0.0,70.0,,11011.375
398,20508.25,0.5816127971621626,-0.6186679601669312,-9.108107566833496,6.203082847378028e-08,0.07898250967264175,0.07015391439199448,3.5399115085601807,5.164018630981445,-0.873708963394165,0.0,80.0,,11011.375
399,14904.375,-0.260616334251312,0.3879663348197937,-10.440437316894531,4.777156092927726e-08,0.09467878192663193,0.052971359342336655,6.352972030639648,1.8330421447753906,-1.7188072204589844,0.0,90.5,,11011.375
400,20681.375,0.29907489619113703,-0.20971685647964478,-9.680900573730469,4.589175972569137e-08,0.07555695623159409,0.05625975877046585,2.9706177711486816,3.6113076210021973,-3.176875591278076,0.0,87.0,12472.975,11011.375
401,16986.25,0.2588663073869009,-0.3131403625011444,-9.890769958496094,6.982461542293095e-08,0.0868653878569603,0.05190935358405113,2.6881046295166016,7.227052688598633,-0.1499776840209961,0.0,84.625,,11011.375
402,18790.875,0.33115114826361375,-0.30431073904037476,-8.911954879760742,3.7318848455925036e-08,0.08498542755842209,0.05578198656439781,3.497372627258301,5.661273956298828,0.08314847946166992,0.0,77.0,,11011.375
403,20310.75,-0.5671263330329347,0.4679056406021118,-13.88864803314209,6.216983194917702e-08,0.08574517071247101,0.05289245769381523,4.273180961608887,2.630809783935547,-6.378113746643066,0.0,107.5,,11011.375
404,19065.875,0.01428813250154802,0.14745667576789856,-11.083401679992676,7.894766440585954e-08,0.07108983397483826,0.06968312710523605,4.5855326652526855,6.812602996826172,0.602963924407959,0.0,91.75,,11011.375
405,13907.75,-0.29942010150740206,1.692765474319458,-12.909640312194824,3.894161437756338e-08,0.08847057074308395,0.055973298847675323,3.465608596801758,2.5979647636413574,-5.008857727050781,0.0,98.125,,11011.375
406,11138.0,0.18543469642172633,-0.12141692638397217,-8.896197319030762,5.272565672953533e-08,0.09444569051265717,0.024686207994818687,2.8074193000793457,1.3786708116531372,-4.712392330169678,0.0,80.0,,11011.375
407,17300.625,0.07790437410269267,0.07769975066184998,-10.406689643859863,5.095382960007555e-08,0.0842980295419693,0.04565531760454178,1.0678539276123047,3.671191692352295,-5.459990978240967,0.0,90.25,,11011.375
408,18009.75,-0.13530462707125196,0.6923025846481323,-11.405366897583008,5.19568494894429e-08,0.08537846803665161,0.05317842960357666,1.4676690101623535,6.624823093414307,-2.4820151329040527,0.0,94.625,,11011.375
409,13233.25,-0.07328805776871863,0.09966329485177994,-11.903724670410156,4.799012742751074e-08,0.09550058841705322,0.034976281225681305,2.9898476600646973,4.70597505569458,-3.9777612686157227,0.0,87.5,,11011.375
410,18349.0,0.27177915980365597,-0.294223427772522,-9.551336288452148,4.628270033890658e-08,0.09816958755254745,0.0597674623131752,5.416228771209717,4.855920314788818,0.5845260620117188,0.0,82.5,12758.5,11011.375
411,14102.375,-0.0820128411559744,0.16570930182933807,-10.991044044494629,6.579882239066137e-08,0.10093121975660324,0.058657314628362656,3.0295157432556152,2.8688502311706543,-4.767380237579346,0.0,93.625,,11011.375
412,11109.375,0.5996173810144054,-0.5366435647010803,-8.567483901977539,2.1307332787046107e-08,0.09787481278181076,0.03793730586767197,6.9636054039001465,3.2382009029388428,1.2334904670715332,0.0,67.75,,11011.375
413,13769.75,0.22137923805173476,-0.009707354009151459,-9.607332229614258,3.6224331978473856e-08,0.09684809297323227,0.0500975139439106,3.3880791664123535,1.9408737421035767,-4.141141414642334,0.0,84.125,,11011.375
414,18852.125,-0.5924174097032016,0.6753619313240051,-13.443659782409668,5.2427530761178787e-08,0.09567128121852875,0.06748100370168686,1.2046105861663818,2.8694140911102295,-8.531120300292969,0.0,102.625,,11011.375
415,20518.875,-0.3527529216768281,1.0003750324249268,-12.525124549865723,4.046279400427011e-08,0.0951709970831871,0.06740235537290573,3.4234814643859863,3.6092896461486816,-4.329405307769775,0.0,106.0,,11011.375
416,15640.0,0.2314547177581924,0.5056903958320618,-9.29577350616455,4.702074818396795e-08,0.09707796573638916,0.06469883769750595,3.7908549308776855,7.201052665710449,2.3636014461517334,0.0,81.125,,11011.375
417,19851.25,-0.2464280950259704,0.2880677282810211,-12.963513374328613,3.7332647195853497e-08,0.08824988454580307,0.0707634687423706,2.316436529159546,5.248166084289551,-4.95182991027832,0.0,93.875,,11011.375
418,13280.5,0.6189832629995451,-0.524479866027832,-8.092267036437988,4.9479506714078525e-08,0.09303741902112961,0.046082668006420135,3.7798290252685547,6.31984806060791,1.6220502853393555,0.0,75.125,,11011.375
419,26150.625,-0.7061329126706077,0.5397133231163025,-15.416460990905762,7.225568765534263e-08,0.07928075641393661,0.08842567354440689,2.730433940887451,8.448885917663574,-3.529721736907959,0.0,109.25,,11011.375
420,23079.625,-0.7333196905914685,1.3323180675506592,-14.84155559539795,4.4484856687176944e-08,0.09467747807502747,0.07200440019369125,2.2253520488739014,4.536947727203369,-6.580255508422852,0.0,118.0,12543.625,11011.375
421,14109.0,0.06225237926818347,0.07777698338031769,-9.736647605895996,2.9799586798162636e-08,0.1013767272233963,0.04877106845378876,6.728468894958496,2.4056921005249023,-0.37456226348876953,0.0,87.625,,11011.375
422,27946.0,-0.5297953785147493,0.472931444644928,-15.7861328125,7.388722877976761e-08,0.07849863916635513,0.07967269420623779,0.6682506799697876,7.778184413909912,-6.70859432220459,0.0,115.375,,11011.375
423,14263.25,-0.04901569489572927,0.1437019556760788,-11.573805809020996,4.107626594418434e-08,0.09471765160560608,0.05631929636001587,3.4702391624450684,4.239844799041748,-3.568983554840088,0.0,89.625,,11011.375
424,20185.125,-0.08434726742815152,0.10396803915500641,-12.279007911682129,8.592927258632699e-08,0.08345681428909302,0.0608566477894783,3.804570198059082,6.041698455810547,-2.184457778930664,0.0,100.125,,11011.375
425,17140.625,0.6959604733091366,-0.5785450339317322,-9.101766586303711,5.1585839599965766e-08,0.08825874328613281,0.04541869834065437,3.649015426635742,4.828948497772217,-1.0686697959899902,0.0,78.5,,11011.375
426,13625.625,-0.2132874269199153,0.4566863477230072,-12.525557518005371,5.749904019580754e-08,0.10374388843774796,0.05779541656374931,4.007245063781738,2.479485034942627,-5.420601844787598,0.0,101.25,,11011.375
427,12715.0,1.0179564116164492,-0.7822747230529785,-6.57864236831665,1.9113070237608554e-08,0.10408472269773483,0.06587549299001694,8.124267578125,4.6616950035095215,5.595005989074707,0.0,60.0,,11011.375
428,21383.5,-0.5042728019077917,1.3438743352890015,-14.119569778442383,8.216541402816802e-08,0.10143611580133438,0.06853876262903214,2.2201004028320312,6.910028457641602,-3.4755921363830566,0.0,104.0,,11011.375
429,19840.625,0.1104332490020264,0.03268995136022568,-11.109231948852539,5.969961591745232e-08,0.09770220518112183,0.07010425627231598,3.616598129272461,7.2804460525512695,-0.011691093444824219,0.0,90.5,,11011.375
430,16462.5,-0.06971995946560057,0.5339747667312622,-12.569457054138184,4.4754880690334176e-08,0.09888706356287003,0.03900466486811638,4.360914707183838,2.210127353668213,-5.326549053192139,0.0,92.0,12738.0,11011.375
431,16417.5,0.24235497002119258,0.2104719877243042,-10.365660667419434,3.026121220273126e-08,0.096993587911129,0.05599483475089073,4.497976303100586,2.1813511848449707,-3.3228726387023926,0.0,85.25,,11011.375
432,19082.875,-0.6680075349767312,3.3758432865142822,-15.247000694274902,6.785363382277865e-08,0.09755200147628784,0.06119988113641739,1.3003132343292236,4.99927282333374,-5.412819862365723,0.0,118.5,,11011.375
433,19809.625,0.2277189147878527,-0.05899280309677124,-10.295808792114258,4.4138289467809955e-08,0.09473142772912979,0.05568138509988785,1.3142790794372559,5.542873382568359,-3.347236156463623,0.0,85.0,,11011.375
434,20398.125,0.029521308129356515,1.2199625968933105,-12.24145793914795,7.094572396226795e-08,0.09112202376127243,0.06828629970550537,2.394045352935791,5.620807647705078,-2.8472342491149902,0.0,95.875,,11011.375
435,13631.75,0.3920321066546809,-0.12690633535385132,-9.28495979309082,3.0389081473458646e-08,0.0974239632487297,0.03619566559791565,6.56412410736084,2.2353644371032715,-0.4787578582763672,0.0,78.75,,11011.375
436,12496.0,0.5801460490160082,-0.194100022315979,-8.065839767456055,3.7596496582636973e-08,0.09784796088933945,0.044194985181093216,1.9443464279174805,3.311614751815796,-2.861935615539551,0.0,73.5,,11011.375
437,15354.125,0.17067978451044002,-0.04171021282672882,-10.486003875732422,2.6373253803058105e-08,0.09020089358091354,0.03256768733263016,0.789404034614563,4.966628551483154,-4.6489129066467285,0.0,81.125,,11011.375
438,19175.375,-0.25653027121647465,0.26211896538734436,-12.04978084564209,5.329361485451045e-08,0.0897866040468216,0.043250005692243576,3.11643648147583,3.7435970306396484,-4.794591426849365,0.0,97.75,,11011.375
439,19787.125,-0.12046403648628981,0.3867487907409668,-11.971874237060547,4.023349120529929e-08,0.07847554981708527,0.060356467962265015,4.7782816886901855,4.104399681091309,-2.5636115074157715,0.0,92.0,,11011.375
440,15860.125,-0.4339154628694153,0.36913439631462097,-14.472685813903809,3.887485533482504e-08,0.08427698910236359,0.05568036064505577,1.6940842866897583,3.210475444793701,-9.05903434753418,0.0,105.25,11868.725,11011.375
441,16700.5,-0.35533591745785365,0.6678661108016968,-13.771949768066406,7.855010863977441e-08,0.07262486219406128,0.05377642437815666,2.8831076622009277,4.635191917419434,-5.4593825340271,0.0,106.125,,11011.375
442,17252.75,-0.23543659404770645,1.1852812767028809,-14.314643859863281,7.616082342565278e-08,0.06897418200969696,0.04359809681773186,0.3869473338127136,3.0651612281799316,-9.564681053161621,0.0,108.25,,11011.375
443,17998.75,-0.41177611357578436,0.681252121925354,-14.556296348571777,5.601793517939768e-08,0.05244990065693855,0.06862438470125198,2.547694444656372,4.095595836639404,-7.110678672790527,0.0,104.0,,11011.375
444,13488.25,0.4016660739990875,-0.18230018019676208,-10.055598258972168,6.632588167576614e-08,0.06896140426397324,0.05905279517173767,1.217961311340332,4.864639759063721,-4.027283191680908,0.0,85.125,,11011.375
445,19917.25,-0.10140512694437753,0.9311548471450806,-13.187850952148438,6.194496648959102e-08,0.0615350715816021,0.06943066418170929,1.873544692993164,5.43768310546875,-4.814502239227295,0.0,95.25,,11011.375
446,14980.5,0.04622362362305052,0.1518677920103073,-12.944363594055176,4.534413022838635e-08,0.07072725147008896,0.059520937502384186,4.247225761413574,2.6891322135925293,-5.725889205932617,0.0,95.25,,11011.375
447,18394.5,0.5276819577665716,-0.12258997559547424,-9.294453620910645,4.4447322267160416e-08,0.06934046000242233,0.05176621302962303,3.3609533309936523,5.141979217529297,-0.7930045127868652,0.0,79.75,,11011.375
448,12972.125,0.2848827344218083,-0.2954893410205841,-10.198366165161133,6.653104378528951e-08,0.07649499177932739,0.04632945358753204,1.051050066947937,5.783527374267578,-3.5364532470703125,0.0,85.25,,11011.375
449,16694.125,0.341482323328137,-0.06945383548736572,-9.56310749053955,7.299868087784489e-08,0.07498906552791595,0.04702667519450188,5.978060245513916,7.973927974700928,4.441442489624023,0.0,80.25,,11011.375
450,18560.625,-0.14256981764796672,0.19660641252994537,-11.970968246459961,5.431807892364304e-08,0.06707317382097244,0.04792598634958267,1.061078667640686,6.046606063842773,-4.551677703857422,0.0,92.125,11679.05,11011.375
451,13702.25,0.3618867687914202,-0.1410922110080719,-9.336471557617188,4.841377432285299e-08,0.07898084074258804,0.03210790082812309,6.199329376220703,2.9644293785095215,-0.20271635055541992,0.0,78.0,,11011.375
452,20715.875,-0.6220950800063012,1.3016077280044556,-14.455952644348145,8.828786235426378e-08,0.05427050217986107,0.07237596809864044,0.7158101201057434,4.810503959655762,-7.501383304595947,0.0,110.25,,11011.375
453,22004.625,-0.11387848556703159,3.87450909614563,-13.116717338562012,4.121421426361849e-08,0.05514788627624512,0.07416511327028275,3.5516786575317383,3.6692497730255127,-1.8919668197631836,0.0,95.625,,11011.375
454,23587.75,-0.807290970402939,2.484560489654541,-15.243887901306152,1.0277926065782594e-07,0.05482008680701256,0.07477807253599167,1.099616527557373,3.7290050983428955,-7.801107883453369,0.0,123.25,,11011.375
455,24281.5,-0.7197551930659054,3.6875486373901367,-15.096968650817871,8.173891785645537e-08,0.061280231922864914,0.05157076194882393,0.9934481978416443,4.939939022064209,-5.3631815910339355,0.0,123.375,,11011.375
456,12799.0,0.837090181966992,-0.11506211757659912,-8.472716331481934,3.9619987290961944e-08,0.0768905058503151,0.03405914828181267,4.852265357971191,4.480579853057861,0.8560166358947754,0.0,72.75,,11011.375
457,18423.75,-0.2090496996567913,0.24590037763118744,-11.998640060424805,7.442186245043558e-08,0.08181591331958771,0.061158906668424606,4.795403003692627,4.515344619750977,-2.2990174293518066,0.0,97.375,,11011.375
458,14759.5,0.5294439596815878,-0.3836861252784729,-9.383219718933105,4.015593901840475e-08,0.09326672554016113,0.0446331687271595,3.9969654083251953,3.2817249298095703,-2.350315570831299,0.0,82.875,,11011.375
459,13712.625,0.4463292382990468,-0.24974259734153748,-8.971988677978516,4.365045214171914e-08,0.09958094358444214,0.033901747316122055,8.718219757080078,1.9966660737991333,1.6266369819641113,0.0,77.875,,11011.375
460,17704.5,-0.0828964949565501,-0.02146916091442108,-12.036508560180664,3.0196449785080404e-08,0.09710648655891418,0.05716300010681152,3.135364294052124,5.170660972595215,-3.5976831912994385,0.0,98.25,11918.35,11011.375
461,15856.375,0.4414732083706616,-0.28760915994644165,-8.74482250213623,6.383468331705444e-08,0.09379323571920395,0.05986611917614937,0.8985611796379089,6.895766258239746,-1.0844449996948242,0.0,74.375,,11011.375
462,21542.875,-0.4348659283375616,0.3274574279785156,-13.061212539672852,6.936289764780668e-08,0.09403469413518906,0.07862796634435654,4.766739368438721,6.464698314666748,-1.3296546936035156,0.0,108.0,,11011.375
463,19980.125,-0.6045857730944286,0.48029929399490356,-14.362289428710938,5.236825728616168e-08,0.09857480973005295,0.08833843469619751,3.365980386734009,4.4862565994262695,-5.842840194702148,0.0,112.625,,11011.375
464,23410.25,-0.048973910579879626,0.39813125133514404,-12.776860237121582,7.815754088369431e-08,0.09596889466047287,0.07935520261526108,3.7212228775024414,4.8375444412231445,-3.6446375846862793,0.0,99.5,,11011.375
465,19182.125,-0.44337643845468316,0.965537428855896,-15.876199722290039,5.081557929997871e-08,0.09614381194114685,0.07609911262989044,0.6100739240646362,4.301069259643555,-9.827276229858398,0.0,119.25,,11011.375
466,20405.75,-0.2097757165258965,0.5220538377761841,-13.9325590133667,8.299254972143899e-08,0.09817561507225037,0.057007189840078354,2.5614614486694336,4.993427276611328,-5.700433731079102,0.0,105.25,,11011.375
467,16738.5,0.5973425460865216,-0.3291316032409668,-9.394857406616211,4.4892189521306136e-08,0.1003185287117958,0.054925333708524704,2.5922293663024902,5.582350730895996,-1.3941655158996582,0.0,77.375,,11011.375
468,11435.5,0.6894235185229847,-0.3788948953151703,-8.09574031829834,2.8622194392369238e-08,0.10197763890028,0.049564946442842484,3.8730249404907227,4.337514400482178,-0.11255311965942383,0.0,71.0,,11011.375
469,13518.75,-0.13781418499674616,0.11404944211244583,-12.004438400268555,4.242950168986681e-08,0.10319998115301132,0.04721282422542572,2.8754947185516357,3.311411142349243,-5.553070068359375,0.0,93.125,,11011.375
470,15602.25,-0.09910860566558538,0.13463236391544342,-12.845117568969727,4.753821869485364e-08,0.0994977131485939,0.0225717481225729,4.120944976806641,4.525936126708984,-3.941534996032715,0.0,96.5,12871.825,11011.375
471,23637.25,-0.42341319619216367,0.38989391922950745,-14.955960273742676,4.551268872887704e-08,0.09257721155881882,0.062038104981184006,2.593021869659424,6.946544647216797,-4.871885299682617,0.0,111.5,,11011.375
472,12805.625,0.48828085808112853,-0.2747626006603241,-10.30001449584961,3.597597952875731e-08,0.10108941793441772,0.051107555627822876,4.165742874145508,4.844696998596191,-1.412139892578125,0.0,80.375,,11011.375
473,20348.375,-0.5840992638005446,0.6668713092803955,-15.460306167602539,7.794257328441745e-08,0.09273436665534973,0.0901457667350769,1.5459849834442139,6.25596284866333,-6.808606147766113,0.0,110.5,,11011.375
474,16820.375,-0.15381313610218247,0.41261303424835205,-15.441568374633789,6.76445637282086e-08,0.09971662610769272,0.024450529366731644,5.397995948791504,1.7284375429153442,-7.778355598449707,0.0,112.125,,11011.375
475,18933.0,0.4222643716422889,-0.2820093333721161,-10.944887161254883,2.7600302487940098e-08,0.09125331789255142,0.04734274744987488,7.050384998321533,0.5629866123199463,-3.4749293327331543,0.0,88.125,,11011.375
476,18782.875,-0.37653734378172893,0.8143532276153564,-14.713272094726562,6.024375664992476e-08,0.09143352508544922,0.0424942784011364,1.9260907173156738,3.831177234649658,-8.007722854614258,0.0,112.25,,11011.375
477,16537.625,0.15575536578150018,-0.1844634860754013,-11.560961723327637,6.717317546645063e-08,0.09583796560764313,0.04126545786857605,3.9643704891204834,2.9374167919158936,-4.706534385681152,0.0,104.375,,11011.375
478,26771.25,-0.6974073481252532,0.638178288936615,-15.878825187683105,8.381089600106861e-08,0.08414977043867111,0.05730126053094864,0.8147376179695129,7.024040699005127,-7.260417461395264,0.0,124.125,,11011.375
479,21594.375,0.06692065787135036,-0.15325182676315308,-13.067296028137207,4.204660797313409e-08,0.09085800498723984,0.055895090103149414,3.067293167114258,4.734958171844482,-5.271543502807617,0.0,104.75,,11011.375
480,18800.375,0.30054422701755457,-0.26809337735176086,-11.052257537841797,7.14362187181905e-08,0.09447791427373886,0.04213187098503113,5.112550258636475,4.740173816680908,-1.3310165405273438,0.0,94.0,13152.85,11011.375
481,12085.75,0.6083381465904077,-0.24541273713111877,-9.501387596130371,4.113433504926434e-08,0.10256216675043106,0.03556368499994278,5.3145670890808105,1.6007628440856934,-2.693345546722412,0.0,81.125,,11011.375
482,14298.0,0.49200917564578417,-0.4223068356513977,-8.029823303222656,4.285648458335345e-08,0.09860970824956894,0.04601268842816353,1.4124089479446411,3.973747730255127,-2.9213509559631348,0.0,76.5,,11011.375
483,15925.25,-0.23577089768895607,0.2686244547367096,-11.736865043640137,8.240721172114718e-08,0.09969007223844528,0.053165651857852936,2.6941728591918945,4.245359897613525,-4.375852584838867,0.0,101.0,,11011.375
484,13130.875,0.659499503537289,-0.5050477385520935,-8.653212547302246,3.5739397219458624e-08,0.09901353716850281,0.05232473835349083,2.6884565353393555,2.1583869457244873,-4.160078525543213,0.0,70.25,,11011.375
485,16532.0,-0.3627127660732341,0.3663044571876526,-12.703862190246582,4.900566352716851e-08,0.09596817940473557,0.046259161084890366,4.7464070320129395,3.744041681289673,-3.7048821449279785,0.0,104.375,,11011.375
486,20693.375,-0.3945141564819013,0.31813061237335205,-12.908823013305664,8.135994988833772e-08,0.09249775856733322,0.051587510854005814,1.7913403511047363,5.738401412963867,-4.916865348815918,0.0,108.5,,11011.375
487,14990.625,0.21109065024188337,-0.10083678364753723,-10.75306224822998,5.201807695698335e-08,0.10004575550556183,0.049438051879405975,6.462762355804443,3.9731647968292236,-0.26848840713500977,0.0,90.5,,11011.375
488,17618.25,-0.17403543548171213,0.40066808462142944,-11.896669387817383,5.431237681818857e-08,0.09589800983667374,0.04394390806555748,1.6078412532806396,6.798096179962158,-2.9502217769622803,0.0,97.5,,11011.375
489,17550.625,-0.2067153210580181,0.08500483632087708,-13.277762413024902,5.6284878979795394e-08,0.09167531877756119,0.04782417416572571,4.310755729675293,3.627624750137329,-5.114877700805664,0.0,101.375,,11011.375
490,19236.75,-0.48317599823350615,0.32048067450523376,-15.187762260437012,6.402176211395272e-08,0.09429091215133667,0.05886504799127579,2.102222204208374,3.9619898796081543,-8.649914741516113,0.0,110.875,11973.2,11011.375
491,19310.875,-0.2474347537271919,0.5024638175964355,-12.516510009765625,5.8042779471634276e-08,0.09690982103347778,0.047540273517370224,3.7939798831939697,4.437623500823975,-3.6379921436309814,0.0,100.625,,11011.375
492,17264.0,0.4597900135873837,-0.20773085951805115,-10.719827651977539,4.387325347465776e-08,0.10109205543994904,0.05431068688631058,1.241997480392456,5.1401753425598145,-4.389983177185059,0.0,83.5,,11011.375
493,14722.75,0.4421195302552161,-0.08815650641918182,-9.535146713256836,5.8585957418699763e-08,0.103016197681427,0.06052617356181145,4.311296463012695,5.829830169677734,0.6813654899597168,0.0,80.375,,11011.375
494,15868.75,0.3903350317744636,-0.397941917181015,-9.852054595947266,4.4058758419396327e-08,0.09665985405445099,0.04487362131476402,5.343165397644043,3.161170244216919,-1.6041274070739746,0.0,90.125,,11011.375
495,19110.5,-0.2769098005416225,0.19486281275749207,-14.450335502624512,4.490517824251583e-08,0.09169571101665497,0.049371302127838135,3.218412399291992,2.2098639011383057,-8.686129570007324,0.0,102.125,,11011.375
496,11450.75,0.6844680479529628,-0.7285785675048828,-8.081108093261719,4.3251194625781864e-08,0.09794473648071289,0.053522855043411255,5.504329204559326,4.858116149902344,1.7042262554168701,0.0,69.0,,11011.375
497,16123.75,0.008495424716380567,0.05548226833343506,-11.005701065063477,3.1712843906461785e-08,0.08921491354703903,0.047494374215602875,4.522758960723877,4.282344818115234,-2.008406162261963,0.0,89.375,,11011.375
498,15643.5,0.14183879509790664,0.07566437125205994,-11.001300811767578,4.3627252921396575e-08,0.09101064503192902,0.04628283530473709,2.13891863822937,3.6443285942077637,-5.005095481872559,0.0,89.875,,11011.375
499,21449.0,0.09219416653891599,-0.06502453237771988,-10.859118461608887,5.577059170036591e-08,0.08904493600130081,0.07120269536972046,4.937799453735352,5.831733703613281,0.00563812255859375,0.0,87.75,,11011.375
500,19076.875,0.029259930733731565,0.05342427268624306,-11.495525360107422,3.117785496442593e-08,0.09731545299291611,0.07870334386825562,5.924158096313477,4.690715312957764,-0.6512093544006348,0.0,86.375,12802.325,11011.375
501,18715.375,-0.3366903347888267,0.5485835671424866,-12.604933738708496,5.241492928576008e-08,0.10075651854276657,0.07828594744205475,4.762994766235352,4.206120014190674,-2.9081921577453613,0.0,96.875,,11011.375
502,16457.625,-0.3772165241404186,0.4475376009941101,-12.72888469696045,5.6590064190231715e-08,0.1003958210349083,0.053636737167835236,1.052627682685852,3.664907932281494,-7.4097795486450195,0.0,101.0,,11011.375
503,16013.25,0.3079082123728397,-0.2535604238510132,-9.804269790649414,7.079871267023918e-08,0.09719158709049225,0.054389890283346176,3.63116455078125,5.04669713973999,-1.228386402130127,0.0,86.625,,11011.375
504,18554.5,0.24058293249981935,-0.06348954141139984,-10.402676582336426,3.862156461309496e-08,0.08872797340154648,0.0385061614215374,4.020936965942383,6.3679704666137695,0.04997515678405762,0.0,84.75,,11011.375
505,16441.875,0.1871300352304637,-0.010579131543636322,-10.085494041442871,6.17000281977198e-08,0.09645489603281021,0.05126040801405907,1.034667730331421,5.663484573364258,-3.2502052783966064,0.0,86.125,,11011.375
506,13631.375,0.4227369839872791,1.1665358543395996,-8.616141319274902,3.6861809604715745e-08,0.09372329711914062,0.050099026411771774,2.409445285797119,4.2266693115234375,-0.669668436050415,0.0,76.625,,11011.375
507,13359.125,0.06427587701757961,-0.10528586804866791,-9.671019554138184,5.065608732479632e-08,0.10340392589569092,0.0435512512922287,2.155398368835449,2.861064910888672,-4.612886428833008,0.0,83.875,,11011.375
508,15913.25,-0.15429709693864901,0.11625346541404724,-12.55573844909668,5.180018192163516e-08,0.10235358774662018,0.04637414962053299,2.705787420272827,3.044647693634033,-6.54032039642334,0.0,98.375,,11011.375
509,13321.875,0.53037948899082,-0.4310877025127411,-8.595535278320312,4.340696335702887e-08,0.10566876083612442,0.03691316395998001,7.612154483795166,5.851867198944092,4.579980850219727,0.0,72.625,,11011.375
510,12090.0,0.34864008598783697,-0.37322697043418884,-7.993686676025391,2.8284352637797383e-08,0.10490503162145615,0.06642203778028488,0.9452031850814819,4.12863826751709,-3.1217451095581055,0.0,68.0,12731.75,11011.375
511,15048.125,-0.01591122000219211,-0.03750002384185791,-9.63456916809082,6.469009150578131e-08,0.10377364605665207,0.05361182242631912,10.576577186584473,4.196482181549072,5.25837516784668,0.0,84.5,,11011.375
512,18401.0,-0.09502063085271534,0.12253598868846893,-9.91779899597168,4.802639352874394e-08,0.08755794167518616,0.050213783979415894,1.7797338962554932,5.409021854400635,-2.468735933303833,0.0,84.375,,11011.375
513,17841.625,-0.660531128745327,0.7378997802734375,-12.551444053649902,5.78328922529181e-08,0.09687420725822449,0.04610033333301544,3.390350818634033,3.840646982192993,-4.439572334289551,0.0,105.0,,11011.375
514,12281.0,0.5389845512802297,-0.24082624912261963,-7.087202548980713,4.51862227635047e-08,0.09853290766477585,0.04064060002565384,2.3173646926879883,3.9630649089813232,-0.9084255695343018,0.0,71.5,,11011.375
515,17395.0,-0.3176645114056023,0.4709260165691376,-11.949836730957031,4.73426879921135e-08,0.09760215133428574,0.06374974548816681,2.133467435836792,3.191436529159546,-5.992654800415039,0.0,90.375,,11011.375
516,21243.625,-0.0732544383856597,0.17616483569145203,-10.247981071472168,5.283023796209818e-08,0.09480656683444977,0.050192367285490036,2.5023202896118164,6.230944633483887,-1.1935524940490723,0.0,91.75,,11011.375
517,12650.25,-0.00377673381931945,0.3461827039718628,-10.119241714477539,6.259001139596876e-08,0.10208280384540558,0.03858001157641411,2.9951679706573486,2.553678512573242,-4.083549499511719,0.0,87.25,,11011.375
518,18530.5,-0.12512197367695793,0.1656903624534607,-11.832423210144043,9.554635482800222e-08,0.09522783011198044,0.05319743975996971,5.620229244232178,6.975863456726074,1.0777850151062012,0.0,93.5,,11011.375
519,15961.875,-0.6986682268842905,0.6970168352127075,-13.544623374938965,6.803304586355807e-08,0.1026235818862915,0.044663164764642715,3.566260814666748,2.5209882259368896,-6.613070011138916,0.0,107.0,,11011.375
520,21362.0,-0.5244738105305642,0.6750767230987549,-13.65649127960205,6.040168898380216e-08,0.10340406000614166,0.06301679462194443,3.683340549468994,3.254629611968994,-5.877024173736572,0.0,106.125,12525.225,11011.375
521,20351.75,-0.41302158404717615,0.5790572166442871,-14.207072257995605,5.496882238276157e-08,0.10150332748889923,0.058882325887680054,1.6603686809539795,5.7429914474487305,-6.06427001953125,0.0,104.625,,11011.375
522,18236.375,-0.1131722597411507,0.3889505863189697,-12.323528289794922,5.3299796576311564e-08,0.10372139513492584,0.054885685443878174,1.0886191129684448,4.125893592834473,-6.561457633972168,0.0,101.25,,11011.375
523,12100.375,0.7832086916477035,-0.5552716255187988,-8.287195205688477,3.791162583866026e-08,0.1062801405787468,0.05062621831893921,4.065707206726074,4.359691619873047,-0.2601609230041504,0.0,73.375,,11011.375
524,14674.875,0.03960274936431653,0.3082523047924042,-10.902008056640625,3.535975778845568e-08,0.1034756451845169,0.036798760294914246,5.522704124450684,3.1438493728637695,-1.7869277000427246,0.0,85.625,,11011.375
525,17351.25,-0.42597775555600925,0.4752010107040405,-12.506731986999512,5.110600298507961e-08,0.10297467559576035,0.052867162972688675,1.7853635549545288,5.1224284172058105,-4.967897415161133,0.0,103.125,,11011.375
526,25732.25,-0.3081640327301862,0.42011162638664246,-13.657081604003906,4.8882846215292375e-08,0.0963934138417244,0.07480599731206894,1.8826342821121216,7.055449485778809,-4.127686500549316,0.0,105.5,,11011.375
527,17678.625,0.35843137417774495,0.23097911477088928,-10.847951889038086,4.489164595611328e-08,0.1038147434592247,0.062328070402145386,2.410372734069824,5.215096473693848,-2.8253612518310547,0.0,86.75,,11011.375
528,18792.625,-0.03443190489767889,0.1709367036819458,-10.329649925231934,4.2577461556447815e-08,0.10359125584363937,0.06160883978009224,5.249563217163086,4.225542068481445,-0.5184078216552734,0.0,94.125,,11011.375
529,19379.0,-0.10122516316806623,0.6009561419487,-11.053802490234375,4.7117389101458684e-08,0.10284017771482468,0.08175588399171829,5.073854923248291,4.6526618003845215,-0.5417337417602539,0.0,92.375,,11011.375
530,13394.25,0.3492077502306805,-0.05408138781785965,-10.659871101379395,3.370967505134104e-08,0.1050775796175003,0.04789678379893303,5.545004844665527,4.21818733215332,-0.7977852821350098,0.0,84.375,11709.65,11011.375
531,17278.0,-0.47197741063079396,1.0006768703460693,-12.691269874572754,6.658719087226928e-08,0.10107042640447617,0.04332653805613518,1.3993765115737915,4.551304817199707,-5.59551477432251,0.0,108.75,,11011.375
532,12785.0,0.5982664811053069,-0.3494182229042053,-10.164834022521973,4.626155458709036e-08,0.10194896906614304,0.03209932893514633,6.534815788269043,6.729792594909668,2.884403944015503,0.0,80.375,,11011.375
533,17983.375,0.13789446698946461,0.11420781910419464,-10.556938171386719,5.791798685095273e-08,0.0877302810549736,0.04391023516654968,1.5188801288604736,7.811626434326172,-0.9805829524993896,0.0,86.75,,11011.375
534,22363.125,0.22516848402809284,0.07257433235645294,-10.199614524841309,6.48882121367933e-08,0.09083443135023117,0.060022689402103424,3.176486015319824,10.617471694946289,3.817775011062622,0.0,84.125,,11011.375
535,12649.375,0.9027222571813145,-0.78620845079422,-7.530126094818115,2.8052667744304927e-08,0.10506460815668106,0.05129729583859444,8.309534072875977,2.737730026245117,2.8872909545898438,0.0,63.875,,11011.375
536,14958.0,0.2603407774931766,-0.016593948006629944,-9.544657707214355,5.042443262937013e-08,0.10353895276784897,0.07507427781820297,2.5913407802581787,3.3749425411224365,-3.4163548946380615,0.0,82.25,,11011.375
537,20408.75,-0.18630569277881753,1.226776361465454,-11.02127742767334,5.442454309445566e-08,0.10359217971563339,0.0862656757235527,6.52031946182251,4.047379016876221,0.9630551338195801,0.0,90.125,,11011.375
538,14024.625,0.2741191092888572,-0.24842828512191772,-9.272857666015625,5.1892953933929675e-08,0.1037154346704483,0.03667554259300232,8.108424186706543,2.0073082447052,0.7348370552062988,0.0,78.375,,11011.375
539,20711.75,-0.3975057380512462,0.4115704298019409,-12.616986274719238,4.2580900583288894e-08,0.09604334086179733,0.08616893738508224,1.938580870628357,7.123944282531738,-2.9606785774230957,0.0,96.875,,11011.375
540,17589.125,0.26211583018763673,0.14461767673492432,-9.303030967712402,3.6718304841087956e-08,0.10352778434753418,0.06332223862409592,5.225703716278076,3.8592276573181152,0.0933680534362793,0.0,80.375,12251.5,11011.375
541,20194.5,-0.2002554236502231,0.17859190702438354,-10.645174980163574,6.046703049378266e-08,0.10119637101888657,0.07537263631820679,2.5321056842803955,5.05262565612793,-2.7052829265594482,0.0,87.375,,11011.375
542,12415.5,0.35418635566757106,0.07971617579460144,-9.676421165466309,3.462384512431527e-08,0.10569389164447784,0.04643237218260765,6.824197769165039,1.5317374467849731,-1.088644027709961,0.0,78.375,,11011.375
543,11726.0,0.3706698416906735,-0.1647326946258545,-9.625323295593262,3.4290199124598075e-08,0.10538313537836075,0.039136853069067,4.246401786804199,3.2133288383483887,-2.1858057975769043,0.0,79.5,,11011.375
544,19053.5,-0.65190801864206,0.5341064929962158,-14.105359077453613,5.344641706983566e-08,0.09656684845685959,0.04105732962489128,3.0973494052886963,3.216153383255005,-7.120125770568848,0.0,106.25,,11011.375
545,19725.25,-0.16585200353572704,0.21305562555789948,-12.40158748626709,4.7894811672222204e-08,0.09134993702173233,0.046479690819978714,5.419175624847412,2.8940725326538086,-3.737454891204834,0.0,96.875,,11011.375
546,18334.75,0.045653207210238494,-0.13778884708881378,-10.038958549499512,6.811556829688925e-08,0.0964692160487175,0.03663473203778267,2.663567543029785,5.498843669891357,-1.8812317848205566,0.0,83.5,,11011.375
547,16071.875,-0.15873635782721338,0.4790070056915283,-11.01244068145752,5.103699507458259e-08,0.10099581629037857,0.0578104667365551,3.4875283241271973,6.512836456298828,-0.37426280975341797,0.0,86.625,,11011.375
548,17737.25,-0.0997269554460864,-0.009907543659210205,-10.765985488891602,4.3998074517048735e-08,0.10261612385511398,0.05322743579745293,4.031417369842529,5.9408674240112305,-0.6477646827697754,0.0,95.625,,11011.375
549,15480.0,0.2638876092765361,-0.14851205050945282,-10.279051780700684,5.509311051810073e-08,0.1028052344918251,0.06461747735738754,8.636934280395508,5.109821319580078,3.48661470413208,0.0,77.875,,11011.375
550,15499.375,-0.6421139261777449,0.8866620063781738,-12.645915031433105,5.978512973570105e-08,0.10413394123315811,0.03633200004696846,2.3618218898773193,3.015585422515869,-6.241379737854004,0.0,102.125,13266.475,11011.375
551,17097.0,-0.711824304287355,0.785812497138977,-13.333930969238281,4.480107307358594e-08,0.10064136981964111,0.03542962297797203,1.1089415550231934,2.9002976417541504,-8.402809143066406,0.0,107.5,,11011.375
552,16051.25,-0.06842406408036965,0.29927918314933777,-13.239985466003418,4.804152098358827e-08,0.09798412024974823,0.05006285384297371,0.5106546878814697,6.57839298248291,-5.703611373901367,0.0,94.875,,11011.375
553,15799.125,-0.10894560093901157,0.0625935047864914,-13.103830337524414,5.138623038192236e-08,0.10415005683898926,0.06852337718009949,3.046616554260254,5.110980033874512,-4.710967063903809,0.0,93.875,,11011.375
554,15431.375,0.5688029424101131,-0.5030620694160461,-9.07305908203125,5.02821251302521e-08,0.10368287563323975,0.06413578242063522,6.945925235748291,5.866539001464844,3.4041616916656494,0.0,74.375,,11011.375
555,11937.75,0.3878233871509355,-0.16227760910987854,-9.564607620239258,5.324980634213716e-08,0.1060783863067627,0.033628739416599274,7.136698246002197,0.7808321714401245,-1.6696476936340332,0.0,82.125,,11011.375
556,21047.0,-0.5456326728119458,0.4598221778869629,-13.500632286071777,4.59731843704958e-08,0.10200579464435577,0.0955863818526268,1.6224170923233032,3.5926332473754883,-7.628166675567627,0.0,103.375,,11011.375
557,17270.0,0.33831218096674376,-0.4026137590408325,-10.062707901000977,3.5731666514493554e-08,0.09304191917181015,0.0435854010283947,5.519791126251221,5.820212364196777,1.0113091468811035,0.0,82.375,,11011.375
558,15659.75,0.5368101748194661,-0.1903657615184784,-8.414207458496094,3.95314927459367e-08,0.09773160517215729,0.05584356188774109,4.95973014831543,2.8502213954925537,-0.6410465240478516,0.0,69.0,,11011.375
559,16678.125,0.08645332116808302,-0.046521350741386414,-10.186086654663086,3.544941407085389e-08,0.09659930318593979,0.049679022282361984,4.2170257568359375,6.524850845336914,0.6555471420288086,0.0,84.375,,11011.375
560,18483.75,-0.48028489813902786,0.4861654043197632,-13.201830863952637,6.396494711680134e-08,0.09741237014532089,0.06402254104614258,4.129831314086914,5.780768394470215,-2.6436309814453125,0.0,101.25,13335.3,11011.375
561,16946.75,-0.13379893586031694,0.09729849547147751,-11.863429069519043,8.958733133113128e-08,0.09389986842870712,0.055211592465639114,4.204320907592773,3.7954747676849365,-3.6172232627868652,0.0,96.375,,11011.375
562,13071.5,0.226427150842544,-0.20079399645328522,-10.388696670532227,6.195254087515423e-08,0.09649013727903366,0.05348100885748863,4.886275291442871,3.9908175468444824,-1.562427043914795,0.0,81.75,,11011.375
563,17397.375,-0.35417628710681803,0.33127540349960327,-12.527791023254395,5.8923514956177314e-08,0.09801220893859863,0.05357138067483902,2.0311717987060547,3.760664939880371,-6.253095626831055,0.0,101.875,,11011.375
564,13899.25,0.2626974631518816,-0.10467597842216492,-9.786803245544434,5.05717281384932e-08,0.09716364741325378,0.04285431280732155,2.7035632133483887,5.61552619934082,-1.4323720932006836,0.0,82.0,,11011.375
565,17706.375,0.16443168013727555,-0.038005098700523376,-11.338724136352539,2.4950301380499695e-08,0.09818107634782791,0.061680860817432404,3.2254247665405273,3.843496084213257,-4.147945880889893,0.0,87.75,,11011.375
566,16873.25,-0.05977416352785744,0.09779641032218933,-11.335474014282227,6.842442701326945e-08,0.09244727343320847,0.04729900136590004,5.9082417488098145,5.335485935211182,0.1457962989807129,0.0,100.0,,11011.375
567,17639.125,-0.04135960863752827,0.130997434258461,-10.959236145019531,5.025427896043766e-08,0.10420461744070053,0.06201941892504692,1.7184505462646484,5.807713508605957,-3.135850429534912,0.0,89.0,,11011.375
568,17988.75,-0.16141326688342855,0.48397767543792725,-11.759654998779297,3.908520795903314e-08,0.10270736366510391,0.05250547081232071,3.791062355041504,3.186471462249756,-4.1429314613342285,0.0,95.125,,11011.375
569,18563.75,0.027073047653959625,-0.019204258918762207,-10.867488861083984,4.9990426020940504e-08,0.10321559756994247,0.05972793325781822,3.838219165802002,3.7740302085876465,-3.111499786376953,0.0,89.5,,11011.375
570,16769.0,-0.13707363484992224,-0.046700671315193176,-12.82327938079834,3.9088838832412875e-08,0.10374299436807632,0.07201188057661057,0.6297322511672974,3.767345428466797,-8.297147750854492,0.0,99.125,12405.375,11011.375
571,21848.0,-0.267981896880764,0.35123181343078613,-11.234590530395508,6.964037169154835e-08,0.09960044920444489,0.05320339277386665,3.302638530731201,5.373810768127441,-2.054105758666992,0.0,98.5,,11011.375
572,19849.75,-0.12866917000975797,0.3694685697555542,-11.878572463989258,4.0992290450958535e-08,0.10224636644124985,0.07934630662202835,2.006179094314575,3.4693872928619385,-5.851944923400879,0.0,97.125,,11011.375
573,19703.125,-0.12097548067732045,0.1027265414595604,-12.43395709991455,6.566033050603437e-08,0.10060782730579376,0.0811929851770401,6.716983318328857,3.132503032684326,-2.2999424934387207,0.0,97.875,,11011.375
574,19423.875,-0.0035233155803623614,0.07597403228282928,-12.048760414123535,5.669098968041908e-08,0.09259603917598724,0.06329057365655899,1.6870437860488892,5.85925817489624,-4.270597457885742,0.0,96.5,,11011.375
575,18683.25,-0.7648319538431536,0.7442283630371094,-16.823331832885742,7.096840448639341e-08,0.09868959337472916,0.03740660473704338,0.0,3.554971694946289,-12.38803482055664,0.0,124.0,,11011.375
576,17629.375,0.01828822778228692,0.18540287017822266,-13.703699111938477,5.292102400744625e-08,0.09919973462820053,0.035914625972509384,1.835636854171753,4.015061378479004,-7.53248405456543,0.0,107.0,,11011.375
577,17116.125,0.10108116686265323,-0.04254448413848877,-11.386972427368164,4.2004675293583205e-08,0.09944417327642441,0.06672229617834091,2.913262367248535,4.640997886657715,-3.709089756011963,0.0,86.0,,11011.375
578,20908.0,-0.1308287293655466,0.4004523456096649,-11.916449546813965,5.045409068316076e-08,0.09358014911413193,0.0626421570777893,0.7267158031463623,5.3826446533203125,-5.25041389465332,0.0,98.0,,11011.375
579,13645.875,0.9374833604890771,-1.001786708831787,-7.641256809234619,3.853936902942223e-08,0.10183899849653244,0.03819626569747925,12.774371147155762,4.526152610778809,8.797515869140625,0.0,66.375,,11011.375
580,12502.25,0.3966679013545187,-0.3796002268791199,-9.971484184265137,4.1149355922698305e-08,0.10520245879888535,0.028276769444346428,2.463716506958008,3.2314326763153076,-4.52245569229126,0.0,81.0,12183.75,11011.375
581,13668.0,0.40693886922429123,-0.5515228509902954,-9.948762893676758,4.0114315424943925e-08,0.10255546867847443,0.045486338436603546,9.12784481048584,2.681436538696289,1.4570369720458984,0.0,82.375,,11011.375
582,18236.75,-0.2180810793916233,0.15638425946235657,-13.139843940734863,4.73400731948459e-08,0.09883837401866913,0.04699235036969185,5.017710208892822,3.081263303756714,-4.738654613494873,0.0,100.625,,11011.375
583,17536.75,-0.271486403657439,0.3891862630844116,-13.351877212524414,6.767322702216916e-08,0.10064857453107834,0.04295770823955536,2.923079013824463,5.4207353591918945,-4.475270748138428,0.0,102.5,,11011.375
584,17323.125,-0.05849861816780111,0.012782692909240723,-12.966784477233887,6.16978326206663e-08,0.09644794464111328,0.036995962262153625,0.7936440706253052,2.4356703758239746,-9.591243743896484,0.0,98.875,,11011.375
585,22981.125,-0.19070911326438494,0.14718195796012878,-12.998812675476074,6.300617627630345e-08,0.09184613078832626,0.062062203884124756,2.9458606243133545,5.772280693054199,-3.979581594467163,0.0,95.375,,11011.375
586,18296.875,-0.904341773482531,1.1233912706375122,-16.797462463378906,7.890542974564596e-08,0.09851319342851639,0.054317403584718704,0.3585018217563629,4.0536112785339355,-11.10912799835205,0.0,128.375,,11011.375
587,20521.0,-0.3108848031905476,0.21627177298069,-13.886835098266602,5.953490855858945e-08,0.08876941353082657,0.05916522815823555,2.3614261150360107,5.835850238800049,-5.325352668762207,0.0,111.25,,11011.375
588,13690.25,0.2666595391854456,-0.18375734984874725,-11.959031105041504,4.7342545883566345e-08,0.096409872174263,0.07453715056180954,0.7540058493614197,3.046092987060547,-8.171743392944336,0.0,94.875,,11011.375
589,18683.625,0.3099132734139378,-0.1904706358909607,-10.700457572937012,3.833053341395498e-08,0.08728324621915817,0.060066498816013336,7.806328773498535,4.522299289703369,1.5850496292114258,0.0,84.0,,11011.375
590,17664.0,-0.19218683013863366,1.0662578344345093,-13.109338760375977,6.21039575321447e-08,0.0917876586318016,0.06742838025093079,3.7548913955688477,3.3438098430633545,-4.785163879394531,0.0,103.125,12018.925,11011.375
